999
LibreDWG 0.13.3-67-g07c078ac
  0
SECTION
  2
HEADER
  9
$ACADVER
  1
AC1032
  9
$ACADMAINTVER
 90
        0
  9
$DWGCODEPAGE
  3
ANSI_1252
  9
$LASTSAVEDBY
  1
jncs1
  9
$REQUIREDVERSIONS
160
           0
  9
$INSBASE
 10
0
 20
0
 30
0
  9
$EXTMIN
 10
5577.391525131331
 20
2673.212974994671
 30
0
  9
$EXTMAX
 10
50702.31602597913
 20
22687.36701414938
 30
0
  9
$LIMMIN
 10
0
 20
0
  9
$LIMMAX
 10
420
 20
297
  9
$ORTHOMODE
 70
     1
  9
$REGENMODE
 70
     1
  9
$FILLMODE
 70
     1
  9
$QTEXTMODE
 70
     0
  9
$MIRRTEXT
 70
     0
  9
$LTSCALE
 40
1
  9
$ATTMODE
 70
     1
  9
$TEXTSIZE
 40
2.5
  9
$TRACEWID
 40
1
  9
$TEXTSTYLE
  7
Standard
  9
$CLAYER
  8
0
  9
$CELTYPE
  6
ByLayer
  9
$CECOLOR
 62
     0
  9
$CELTSCALE
 40
1
  9
$DISPSILH
 70
     0
  9
$DIMSCALE
 40
1
  9
$DIMASZ
 40
2.5
  9
$DIMEXO
 40
0.625
  9
$DIMDLI
 40
3.75
  9
$DIMRND
 40
0
  9
$DIMDLE
 40
0
  9
$DIMEXE
 40
1.25
  9
$DIMTP
 40
0
  9
$DIMTM
 40
0
  9
$DIMTXT
 40
2.5
  9
$DIMCEN
 40
2.5
  9
$DIMTSZ
 40
0
  9
$DIMTOL
 70
     0
  9
$DIMLIM
 70
     0
  9
$DIMTIH
 70
     0
  9
$DIMTOH
 70
     0
  9
$DIMSE1
 70
     0
  9
$DIMSE2
 70
     0
  9
$DIMTAD
 70
     1
  9
$DIMZIN
 70
     8
  9
$DIMBLK
  1

  9
$DIMASO
 70
     1
  9
$DIMSHO
 70
     1
  9
$DIMPOST
  1

  9
$DIMAPOST
  1

  9
$DIMALT
 70
     0
  9
$DIMALTD
 70
     3
  9
$DIMALTF
 40
0.03937007874016
  9
$DIMLFAC
 40
1
  9
$DIMTOFL
 70
     1
  9
$DIMTVP
 40
0
  9
$DIMTIX
 70
     0
  9
$DIMSOXD
 70
     0
  9
$DIMSAH
 70
     0
  9
$DIMBLK1
  1

  9
$DIMBLK2
  1

  9
$DIMSTYLE
  2
ISO-25
  9
$DIMCLRD
 70
     0
  9
$DIMCLRE
 70
     0
  9
$DIMCLRT
 70
     0
  9
$DIMTFAC
 40
1
  9
$DIMGAP
 40
0.625
  9
$DIMJUST
 70
     0
  9
$DIMSD1
 70
     0
  9
$DIMSD2
 70
     0
  9
$DIMTOLJ
 70
     0
  9
$DIMTZIN
 70
     8
  9
$DIMALTZ
 70
     0
  9
$DIMALTTZ
 70
     0
  9
$DIMUPT
 70
     0
  9
$DIMDEC
 70
     2
  9
$DIMTDEC
 70
     2
  9
$DIMALTU
 70
     2
  9
$DIMALTTD
 70
     3
  9
$DIMTXSTY
  7
Standard
  9
$DIMAUNIT
 70
     0
  9
$DIMADEC
 70
     0
  9
$DIMALTRND
 40
0
  9
$DIMAZIN
 70
     0
  9
$DIMDSEP
 70
    44
  9
$DIMATFIT
 70
     3
  9
$DIMFRAC
 70
     0
  9
$DIMLDRBLK
  1

  9
$DIMLUNIT
 70
     2
  9
$DIMLWD
 70
    -2
  9
$DIMLWE
 70
    -2
  9
$DIMTMOVE
 70
     0
  9
$DIMFXL
 40
1
  9
$DIMFXLON
 70
     0
  9
$DIMJOGANG
 40
0.7853981633974483
  9
$DIMTFILL
 70
     0
  9
$DIMTFILLCLR
 70
     0
  9
$DIMARCSYM
 70
     0
  9
$DIMLTYPE
  6

  9
$DIMLTEX1
  6

  9
$DIMLTEX2
  6

  9
$DIMTXTDIRECTION
 70
     0
  9
$LUNITS
 70
     2
  9
$LUPREC
 70
     4
  9
$AXISMODE
 70
     0
  9
$AXISUNIT
 10
0
 20
0
  9
$SKETCHINC
 40
1
  9
$FILLETRAD
 40
0
  9
$AUNITS
 70
     0
  9
$AUPREC
 70
     0
  9
$MENU
  1
.
  9
$ELEVATION
 40
0
  9
$PELEVATION
 40
0
  9
$THICKNESS
 40
0
  9
$LIMCHECK
 70
     0
  9
$CHAMFERA
 40
0
  9
$CHAMFERB
 40
0
  9
$CHAMFERC
 40
0
  9
$CHAMFERD
 40
0
  9
$SKPOLY
 70
     0
  9
$TDCREATE
 40
2461104.387130000
  9
$TDUCREATE
 40
2461104.387130000
  9
$TDUPDATE
 40
2461105.107650000
  9
$TDUUPDATE
 40
2461105.107650000
  9
$TDINDWG
 40
0.583400000
  9
$TDUSRTIMER
 40
0.583400000
  9
$USRTIMER
 70
     1
  9
$ANGBASE
 50
0
  9
$ANGDIR
 70
     0
  9
$PDMODE
 70
     0
  9
$PDSIZE
 40
0
  9
$PLINEWID
 40
0
  9
$SPLFRAME
 70
     0
  9
$SPLINETYPE
 70
     6
  9
$SPLINESEGS
 70
     8
  9
$HANDSEED
  5
BB6
  9
$SURFTAB1
 70
     6
  9
$SURFTAB2
 70
     6
  9
$SURFTYPE
 70
     6
  9
$SURFU
 70
     6
  9
$SURFV
 70
     6
  9
$UCSBASE
  2

  9
$UCSNAME
  2

  9
$UCSORG
 10
0
 20
0
 30
0
  9
$UCSXDIR
 10
1
 20
0
 30
0
  9
$UCSYDIR
 10
0
 20
1
 30
0
  9
$UCSORTHOREF
  2

  9
$UCSORTHOVIEW
 70
     0
  9
$UCSORGTOP
 10
0
 20
0
 30
0
  9
$UCSORGBOTTOM
 10
0
 20
0
 30
0
  9
$UCSORGLEFT
 10
0
 20
0
 30
0
  9
$UCSORGRIGHT
 10
0
 20
0
 30
0
  9
$UCSORGFRONT
 10
0
 20
0
 30
0
  9
$UCSORGBACK
 10
0
 20
0
 30
0
  9
$PUCSBASE
  2

  9
$PUCSNAME
  2

  9
$PUCSORG
 10
0
 20
0
 30
0
  9
$PUCSXDIR
 10
1
 20
0
 30
0
  9
$PUCSYDIR
 10
0
 20
1
 30
0
  9
$PUCSORTHOREF
  2

  9
$PUCSORTHOVIEW
 70
     0
  9
$PUCSORGTOP
 10
0
 20
0
 30
0
  9
$PUCSORGBOTTOM
 10
0
 20
0
 30
0
  9
$PUCSORGLEFT
 10
0
 20
0
 30
0
  9
$PUCSORGRIGHT
 10
0
 20
0
 30
0
  9
$PUCSORGFRONT
 10
0
 20
0
 30
0
  9
$PUCSORGBACK
 10
0
 20
0
 30
0
  9
$USERI1
 70
     0
  9
$USERI2
 70
     0
  9
$USERI3
 70
     0
  9
$USERI4
 70
     0
  9
$USERI5
 70
     0
  9
$USERR1
 40
0
  9
$USERR2
 40
0
  9
$USERR3
 40
0
  9
$USERR4
 40
0
  9
$USERR5
 40
0
  9
$WORLDVIEW
 70
     1
  9
$SHADEDGE
 70
     3
  9
$SHADEDIF
 70
    70
  9
$TILEMODE
 70
     0
  9
$MAXACTVP
 70
    64
  9
$PINSBASE
 10
0
 20
0
 30
0
  9
$PLIMCHECK
 70
     0
  9
$PEXTMIN
 10
0.5130306556366122
 20
0.7247303804375633
 30
0
  9
$PEXTMAX
 10
404.3338241088358
 20
256.0160563058948
 30
0
  9
$PLIMMIN
 10
-7.5
 20
-20
  9
$PLIMMAX
 10
412.5
 20
277
  9
$UNITMODE
 70
     0
  9
$VISRETAIN
 70
     1
  9
$PLINEGEN
 70
     0
  9
$PSLTSCALE
 70
     0
  9
$TREEDEPTH
 70
  3020
  9
$CMLSTYLE
  2
Standard
  9
$CMLJUST
 70
     0
  9
$CMLSCALE
 40
20
  9
$PROXYGRAPHICS
 70
     1
  9
$MEASUREMENT
 70
     1
  9
$CELWEIGHT
370
    -1
  9
$ENDCAPS
280
     0
  9
$JOINSTYLE
280
     0
  9
$LWDISPLAY
290
     0
  9
$INSUNITS
 70
     4
  9
$HYPERLINKBASE
  1

  9
$STYLESHEET
  1

  9
$XEDIT
290
     1
  9
$CEPSNTYPE
380
     0
  9
$PSTYLEMODE
290
     1
  9
$FINGERPRINTGUID
  2
{082AEFD6-AE8D-174E-B048-848DA1F34823}
  9
$VERSIONGUID
  2
{B581EC66-4CB1-A749-81F5-172D75878350}
  9
$EXTNAMES
290
     1
  9
$PSVPSCALE
 40
0
  9
$OLESTARTUP
290
     0
  9
$SORTENTS
280
   127
  9
$INDEXCTL
280
     0
  9
$HIDETEXT
280
     1
  9
$XCLIPFRAME
280
     2
  9
$HALOGAP
280
     0
  9
$OBSCOLOR
 70
   257
  9
$OBSLTYPE
280
     0
  9
$INTERSECTIONDISPLAY
280
     0
  9
$INTERSECTIONCOLOR
 70
   257
  9
$DIMASSOC
280
     2
  9
$PROJECTNAME
  1

  9
$CAMERADISPLAY
290
     0
  9
$LENSLENGTH
 40
50
  9
$CAMERAHEIGHT
 40
0
  9
$STEPSPERSEC
 40
2
  9
$STEPSIZE
 40
6
  9
$3DDWFPREC
 40
2
  9
$PSOLWIDTH
 40
5
  9
$PSOLHEIGHT
 40
80
  9
$LOFTANG1
 40
1.570796326794897
  9
$LOFTANG2
 40
1.570796326794897
  9
$LOFTMAG1
 40
0
  9
$LOFTMAG2
 40
0
  9
$LOFTPARAM
 70
     7
  9
$LOFTNORMALS
280
     1
  9
$LATITUDE
 40
37.795
  9
$LONGITUDE
 40
-122.394
  9
$NORTHDIRECTION
 40
0
  9
$TIMEZONE
 70
 -8000
  9
$LIGHTGLYPHDISPLAY
280
     1
  9
$TILEMODELIGHTSYNCH
280
     1
  9
$CMATERIAL
347
EC
  9
$SOLIDHIST
280
     0
  9
$SHOWHIST
280
     1
  9
$DWFFRAME
280
     2
  9
$DGNFRAME
280
     0
  9
$REALWORLDSCALE
290
     1
  9
$INTERFERECOLOR
 62
   256
  9
$INTERFEREOBJVS
345
F9
  9
$INTERFEREVPVS
346
F6
  9
$CSHADOW
280
     0
  9
$SHADOWPLANELOCATION
 40
0
  0
ENDSEC
  0
SECTION
  2
CLASSES
  0
CLASS
  1
ACDBDICTIONARYWDFLT
  2
AcDbDictionaryWithDefault
  3
ObjectDBX Classes
 90
        0
 91
        1
280
     0
281
     0
  0
CLASS
  1
DICTIONARYVAR
  2
AcDbDictionaryVar
  3
ObjectDBX Classes
 90
        0
 91
       29
280
     0
281
     0
  0
CLASS
  1
TABLESTYLE
  2
AcDbTableStyle
  3
ObjectDBX Classes
 90
     4095
 91
        1
280
     0
281
     0
  0
CLASS
  1
MATERIAL
  2
AcDbMaterial
  3
ObjectDBX Classes
 90
     1153
 91
        3
280
     0
281
     0
  0
CLASS
  1
VISUALSTYLE
  2
AcDbVisualStyle
  3
ObjectDBX Classes
 90
     4095
 91
       24
280
     0
281
     0
  0
CLASS
  1
SCALE
  2
AcDbScale
  3
ObjectDBX Classes
 90
     1153
 91
       17
280
     0
281
     0
  0
CLASS
  1
MLEADERSTYLE
  2
AcDbMLeaderStyle
  3
ACDB_MLEADERSTYLE_CLASS
 90
     4095
 91
        2
280
     0
281
     0
  0
CLASS
  1
CELLSTYLEMAP
  2
AcDbCellStyleMap
  3
ObjectDBX Classes
 90
        0
 91
      256
280
     1
281
     0
  0
CLASS
  1
EXACXREFPANELOBJECT
  2
ExAcXREFPanelObject
  3
EXAC_ESW
 90
        0
 91
587458113
280
     0
281
     0
  0
CLASS
  1
NPOCOLLECTION
  2
AcDbImpNonPersistentObjectsCollection
  3
ObjectDBX Classes
 90
      513
 91
      145
280
     1
281
     0
  0
CLASS
  1
LAYER_INDEX
  2
AcDbLayerIndex
  3
ObjectDBX Classes
 90
      129
 91
681607289
280
     0
281
     0
  0
CLASS
  1
SPATIAL_INDEX
  2
AcDbSpatialIndex
  3
AutoCAD 2000
 90
        1
 91
        8
280
     0
281
     0
  0
CLASS
  1
IDBUFFER
  2
AcDbIdBuffer
  3
ObjectDBX Classes
 90
     5381
 91
        8
280
     0
281
     0
  0
CLASS
  1
ACDBSECTIONVIEWSTYLE
  2
AcDbSectionViewStyle
  3
ObjectDBX Classes
 90
        0
 91
-2143549438
280
     0
281
     0
  0
CLASS
  1
ACDBDETAILVIEWSTYLE
  2
AcDbDetailViewStyle
  3
ObjectDBX Classes
 90
        0
 91
609271868
280
     0
281
     0
  0
CLASS
  1
RAPIDRTRENDERSETTINGS
  2
AcDbRapidRTRenderSettings
  3
ObjectDBX Classes
 90
    49176
 91
        0
280
     0
281
     0
  0
CLASS
  1
SORTENTSTABLE
  2
AcDbSortentsTable
  3
ObjectDBX Classes
 90
        0
 91
805777415
280
     0
281
     0
  0
CLASS
  1
MULTILEADER
  2
AcDbMLeader
  3
ACDB_MLEADER_CLASS
 90
       17
 91
        0
280
     0
281
     0
  0
CLASS
  1
DIMASSOC
  2
AcDbDimAssoc
  3
"AcDbDimAssoc|Product Desc:     AcDim ARX App For Dimension|Company:          Autodesk, Inc.|WEB Address:      www.autodesk.com"
 90
       55
 91
-1878581241
280
     0
281
     0
  0
ENDSEC
  0
SECTION
  2
TABLES
  0
TABLE
  2
VPORT
  5
8
330
0
100
AcDbSymbolTable
 70
     1
  0
VPORT
  5
EA
330
8
100
AcDbSymbolTableRecord
100
AcDbViewportTableRecord
  2
*Active
 70
     0
 10
0
 20
0
 11
1
 21
1
 12
21093.62493718648
 22
11633.99700952619
 13
0
 23
0
 14
10
 24
10
 15
10
 25
10
 16
0
 26
0
 36
1
 17
0
 27
0
 37
0
 40
11796.97416568552
 41
2.291607396870555
 42
50
 43
0
 44
0
 50
0
 51
0
 71
     0
 72
  1000
 73
     1
 74
     3
 75
     0
 76
     1
 77
     0
 78
     0
281
     0
 65
     1
110
0
120
0
130
0
111
1
121
0
131
0
112
0
122
1
132
0
 79
     0
146
0
348
F5
 60
     3
 61
     5
292
     1
282
     1
141
0
142
0
 63
   250
421
3258135347
1001
ACAD_NAV_VCDISPLAY
1070
     3
  0
ENDTAB
  0
TABLE
  2
LTYPE
  5
5
330
0
100
AcDbSymbolTable
 70
     5
  0
LTYPE
  5
14
330
5
100
AcDbSymbolTableRecord
100
AcDbLinetypeTableRecord
  2
ByBlock
 70
     0
  3

 72
    65
 73
     0
 40
0
  0
LTYPE
  5
15
330
5
100
AcDbSymbolTableRecord
100
AcDbLinetypeTableRecord
  2
ByLayer
 70
     0
  3

 72
    65
 73
     0
 40
0
  0
LTYPE
  5
16
330
5
100
AcDbSymbolTableRecord
100
AcDbLinetypeTableRecord
  2
Continuous
 70
     0
  3
Solid line
 72
    65
 73
     0
 40
0
  0
LTYPE
  5
2E1
330
5
100
AcDbSymbolTableRecord
100
AcDbLinetypeTableRecord
  2
CENTER
 70
     0
  3
Center ____ _ ____ _ ____ _ ____ _ ____ _ ____
 72
    65
 73
     4
 40
2
 49
1.25
 74
     4
 75
     0
340
0
 46
1
 50
0
 44
0
 45
0
 49
-0.25
 74
     4
 75
     0
340
0
 46
1
 50
0
 44
0
 45
0
 49
0.25
 74
     4
 75
     0
340
0
 46
1
 50
0
 44
0
 45
0
 49
-0.25
 74
     4
 75
     0
340
0
 46
1
 50
0
 44
0
 45
0
  0
LTYPE
  5
2E2
330
5
100
AcDbSymbolTableRecord
100
AcDbLinetypeTableRecord
  2
DASHED
 70
     0
  3
Dashed __ __ __ __ __ __ __ __ __ __ __ __ __ _
 72
    65
 73
     2
 40
0.75
 49
0.5
 74
     0
 49
-0.25
 74
     0
  0
ENDTAB
  0
TABLE
  2
LAYER
  5
2
102
{ACAD_XDICTIONARY
360
1FF
102
}
330
0
100
AcDbSymbolTable
 70
     7
  0
LAYER
  5
10
102
{ACAD_XDICTIONARY
360
13C
102
}
330
2
100
AcDbSymbolTableRecord
100
AcDbLayerTableRecord
  2
0
 70
     8
 62
     7
  6
Continuous
290
     1
370
    -3
390
F
348
0
  0
LAYER
  5
2E3
330
2
100
AcDbSymbolTableRecord
100
AcDbLayerTableRecord
  2
SLD
 70
     8
 62
     2
  6
Continuous
290
     1
370
    -3
390
F
348
0
1001
AcAecLayerStandard
1000

1000

  0
LAYER
  5
2E4
330
2
100
AcDbSymbolTableRecord
100
AcDbLayerTableRecord
  2
SLD-TXT
 70
     8
 62
     7
  6
Continuous
290
     1
370
    -3
390
F
348
0
1001
AcAecLayerStandard
1000

1000

  0
LAYER
  5
2E5
330
2
100
AcDbSymbolTableRecord
100
AcDbLayerTableRecord
  2
SLD-LINE
 70
     8
 62
     7
  6
Continuous
290
     1
370
    -3
390
F
348
0
1001
AcAecLayerStandard
1000

1000

  0
LAYER
  5
2E6
330
2
100
AcDbSymbolTableRecord
100
AcDbLayerTableRecord
  2
E-SLD-LEGENDF
 70
     8
 62
     2
  6
Continuous
290
     1
370
    -3
390
F
348
0
  0
LAYER
  5
2E7
330
2
100
AcDbSymbolTableRecord
100
AcDbLayerTableRecord
  2
E-SLD-FRAME
 70
     8
 62
     8
  6
Continuous
290
     1
370
    -3
390
F
348
0
  0
LAYER
  5
2E8
102
{ACAD_XDICTIONARY
360
2E9
102
}
330
2
100
AcDbSymbolTableRecord
100
AcDbLayerTableRecord
  2
TXT
 70
     8
 62
     7
  6
Continuous
290
     1
370
    -3
390
F
348
0
  0
ENDTAB
  0
TABLE
  2
STYLE
  5
3
330
0
100
AcDbSymbolTable
 70
     6
  0
STYLE
  5
11
330
3
100
AcDbSymbolTableRecord
100
AcDbTextStyleTableRecord
  2
Standard
 70
     0
 40
0
 41
1
 50
0
 71
     0
 42
2.5
  3
arial.ttf
  4

1001
ACAD
1000
Arial
1071
       34
  0
STYLE
  5
132
330
3
100
AcDbSymbolTableRecord
100
AcDbTextStyleTableRecord
  2
Annotative
 70
     0
 40
0
 41
1
 50
0
 71
     0
 42
2.5
  3
arial.ttf
  4

1001
AcadAnnotative
1000
AnnotativeData
1002
{
1070
     1
1070
     1
1002
}
1001
ACAD
1000
Arial
1071
       34
  0
STYLE
  5
2EA
330
3
100
AcDbSymbolTableRecord
100
AcDbTextStyleTableRecord
  2
ARIAL
 70
     0
 40
0
 41
0.95
 50
0
 71
     0
 42
2.5
  3
arial.ttf
  4

1001
ACAD
1000
Arial
1071
       34
  0
STYLE
  5
2EB
330
3
100
AcDbSymbolTableRecord
100
AcDbTextStyleTableRecord
  2
SIMPLEX
 70
     0
 40
0
 41
0.75
 50
0
 71
     0
 42
2.5
  3
simplex.shx
  4

  0
STYLE
  5
2EC
330
3
100
AcDbSymbolTableRecord
100
AcDbTextStyleTableRecord
  2
SLD-TXT
 70
     0
 40
0
 41
0.75
 50
0
 71
     0
 42
390.60125
  3
romans.shx
  4

  0
STYLE
  5
A6A
330
3
100
AcDbSymbolTableRecord
100
AcDbTextStyleTableRecord
  2
TAHOMA
 70
     0
 40
0
 41
0.9
 50
0
 71
     0
 42
200
  3
tahoma.ttf
  4

1001
ACAD
1000
Tahoma
1071
       34
  0
ENDTAB
  0
TABLE
  2
VIEW
  5
6
330
0
100
AcDbSymbolTable
 70
    21
  0
ENDTAB
  0
TABLE
  2
UCS
  5
7
330
0
100
AcDbSymbolTable
 70
     0
  0
ENDTAB
  0
TABLE
  2
APPID
  5
9
330
0
100
AcDbSymbolTable
 70
    14
  0
APPID
  5
12
330
9
100
AcDbSymbolTableRecord
100
AcDbRegAppTableRecord
  2
ACAD
 70
     0
  0
APPID
  5
9E
330
9
100
AcDbSymbolTableRecord
100
AcDbRegAppTableRecord
  2
ACAD_PSEXT
 70
     0
  0
APPID
  5
133
330
9
100
AcDbSymbolTableRecord
100
AcDbRegAppTableRecord
  2
AcadAnnoPO
 70
     0
  0
APPID
  5
134
330
9
100
AcDbSymbolTableRecord
100
AcDbRegAppTableRecord
  2
AcadAnnotative
 70
     0
  0
APPID
  5
135
330
9
100
AcDbSymbolTableRecord
100
AcDbRegAppTableRecord
  2
ACAD_DSTYLE_DIMJAG
 70
     0
  0
APPID
  5
136
330
9
100
AcDbSymbolTableRecord
100
AcDbRegAppTableRecord
  2
ACAD_DSTYLE_DIMTALN
 70
     0
  0
APPID
  5
165
330
9
100
AcDbSymbolTableRecord
100
AcDbRegAppTableRecord
  2
ACAD_MLEADERVER
 70
     0
  0
APPID
  5
217
330
9
100
AcDbSymbolTableRecord
100
AcDbRegAppTableRecord
  2
ACAD_NAV_VCDISPLAY
 70
     0
  0
APPID
  5
2EE
330
9
100
AcDbSymbolTableRecord
100
AcDbRegAppTableRecord
  2
AcAecLayerStandard
 70
     0
  0
APPID
  5
2EF
330
9
100
AcDbSymbolTableRecord
100
AcDbRegAppTableRecord
  2
AcDbBlockRepETag
 70
     0
  0
APPID
  5
2F0
330
9
100
AcDbSymbolTableRecord
100
AcDbRegAppTableRecord
  2
AcDbDynamicBlockGUID
 70
     0
  0
APPID
  5
8EF
330
9
100
AcDbSymbolTableRecord
100
AcDbRegAppTableRecord
  2
ACAD_EXEMPT_FROM_CAD_STANDARDS
 70
     0
  0
APPID
  5
984
330
9
100
AcDbSymbolTableRecord
100
AcDbRegAppTableRecord
  2
GradientColor1ACI
 70
     0
  0
APPID
  5
985
330
9
100
AcDbSymbolTableRecord
100
AcDbRegAppTableRecord
  2
GradientColor2ACI
 70
     0
  0
ENDTAB
  0
TABLE
  2
DIMSTYLE
  5
A
330
0
100
AcDbSymbolTable
 70
     5
100
AcDbDimStyleTable
 71
     2
340
27
340
137
  0
DIMSTYLE
105
1B0
330
A
100
AcDbSymbolTableRecord
100
AcDbDimStyleTableRecord
  2
Standard
 70
     0
 41
0.18
 42
0.0625
 43
0.38
 44
0.18
 49
1
 50
45
 73
     1
 74
     1
140
0.18
141
0.09
143
25.4
144
1
146
1
147
0.09
171
     2
176
-1056964608
177
-1056964608
178
-1056964608
271
     4
272
     4
273
     2
274
     2
277
     2
278
    46
283
     1
289
     3
340
11
294
     0
371
    -2
372
    -2
341
0
342
0
343
0
344
0
345
0
346
0
347
0
  0
DIMSTYLE
105
137
330
A
100
AcDbSymbolTableRecord
100
AcDbDimStyleTableRecord
  2
Annotative
 70
     0
 40
0
 41
2.5
 42
0.625
 43
3.75
 44
1.25
 49
1
 50
45
 73
     0
 74
     0
 77
     1
 78
     8
140
2.5
141
2.5
143
0.03937007874016
144
1
146
1
147
0.625
171
     3
172
     1
176
-1056964608
177
-1056964608
178
-1056964608
271
     2
272
     2
273
     2
274
     3
277
     2
278
    44
283
     0
284
     8
289
     3
340
11
294
     0
371
    -2
372
    -2
341
0
342
0
343
0
344
0
345
0
346
0
347
0
1001
AcadAnnotative
1000
AnnotativeData
1002
{
1070
     1
1070
     1
1002
}
1001
ACAD_DSTYLE_DIMJAG
1070
   388
1040
1.5
1001
ACAD_DSTYLE_DIMTALN
1070
   392
1070
     0
  0
DIMSTYLE
105
27
330
A
100
AcDbSymbolTableRecord
100
AcDbDimStyleTableRecord
  2
ISO-25
 70
     0
 41
2.5
 42
0.625
 43
3.75
 44
1.25
 49
1
 50
45
 73
     0
 74
     0
 77
     1
 78
     8
140
2.5
141
2.5
143
0.03937007874016
144
1
146
1
147
0.625
171
     3
172
     1
176
-1056964608
177
-1056964608
178
-1056964608
271
     2
272
     2
273
     2
274
     3
277
     2
278
    44
283
     0
284
     8
289
     3
340
11
294
     0
371
    -2
372
    -2
341
0
342
0
343
0
344
0
345
0
346
0
347
0
  0
DIMSTYLE
105
2ED
330
A
100
AcDbSymbolTableRecord
100
AcDbDimStyleTableRecord
  2
A
 70
     0
 41
150
 42
0.0625
 43
0.38
 44
0.18
 49
1
 50
45
 73
     1
 74
     1
140
0.18
141
0.09
143
25.4
144
1
146
1
147
0.09
171
     2
176
-1056964608
177
-1056964608
178
-1056964608
271
     4
272
     4
273
     2
274
     2
277
     2
278
    46
283
     1
289
     3
340
11
294
     0
371
    -2
372
    -2
341
0
342
0
343
0
344
0
345
16
346
16
347
16
  0
ENDTAB
  0
TABLE
  2
BLOCK_RECORD
  5
1
330
0
100
AcDbSymbolTable
 70
     5
  0
BLOCK_RECORD
  5
1F
102
{ACAD_XDICTIONARY
360
1CE
102
}
330
1
100
AcDbSymbolTableRecord
100
AcDbBlockTableRecord
  2
*Model_Space
340
22
  0
BLOCK_RECORD
  5
D2
330
1
100
AcDbSymbolTableRecord
100
AcDbBlockTableRecord
  2
*Paper_Space
340
D3
  0
BLOCK_RECORD
  5
D6
330
1
100
AcDbSymbolTableRecord
100
AcDbBlockTableRecord
  2
*Paper_Space0
340
D7
  0
BLOCK_RECORD
  5
2CB
330
1
100
AcDbSymbolTableRecord
100
AcDbBlockTableRecord
  2
MCCB
340
0
102
{BLKREFS
331
649
331
682
331
68A
331
68F
331
695
331
699
331
6A4
331
932
331
93B
331
94E
331
95A
331
968
331
999
331
9B8
331
9C0
331
9DA
331
9E1
331
9E8
331
9EF
331
9F9
331
A01
331
A08
331
A0F
331
A16
331
A1D
331
8FF
331
907
331
90F
331
917
331
923
331
92A
331
A27
331
A2F
331
A36
331
A3D
331
A44
331
A4B
102
}
1001
AcDbDynamicBlockGUID
1000
{AF748AFE-AC8C-42F9-8F14-B21406C15AD5}
  0
BLOCK_RECORD
  5
2D1
330
1
100
AcDbSymbolTableRecord
100
AcDbBlockTableRecord
  2
RCCB
340
0
102
{BLKREFS
331
67F
331
99E
331
9AB
331
9B0
102
}
  0
BLOCK_RECORD
  5
2D9
102
{ACAD_XDICTIONARY
360
2DA
102
}
330
1
100
AcDbSymbolTableRecord
100
AcDbBlockTableRecord
  2
DP ISOL
340
0
102
{BLKREFS
331
938
331
941
331
964
331
91D
102
}
  0
ENDTAB
  0
ENDSEC
  0
SECTION
  2
BLOCKS
  0
BLOCK
  5
20
330
1F
100
AcDbEntity
  8
0
100
AcDbBlockBegin
  2
*Model_Space
 70
     0
 10
0
 20
0
 30
0
  3
*Model_Space
  1

  0
ENDBLK
  5
21
330
1F
100
AcDbEntity
  8
0
100
AcDbBlockEnd
  0
BLOCK
  5
D4
330
D2
100
AcDbEntity
 67
     1
  8
0
100
AcDbBlockBegin
  2
*Paper_Space
 70
     0
 10
0
 20
0
 30
0
  3
*Paper_Space
  1

  0
ENDBLK
  5
D5
330
D2
100
AcDbEntity
 67
     1
  8
0
100
AcDbBlockEnd
  0
BLOCK
  5
D8
330
D6
100
AcDbEntity
  8
0
100
AcDbBlockBegin
  2
*Paper_Space0
 70
     0
 10
0
 20
0
 30
0
  3
*Paper_Space0
  1

  0
ENDBLK
  5
D9
330
D6
100
AcDbEntity
  8
0
100
AcDbBlockEnd
  0
BLOCK
  5
2CC
330
2CB
100
AcDbEntity
  8
0
370
    -3
100
AcDbBlockBegin
  2
MCCB
 70
     0
 10
0
 20
0
 30
0
  3
MCCB
  1

  0
LWPOLYLINE
  5
2CD
330
2CB
100
AcDbEntity
  8
E-SLD-LEGENDF
100
AcDbPolyline
 90
        2
 70
     0
 43
30
 43
30
 10
77.34422445716336
 20
49.47020332644752
 42
0.6113836959509442
 10
77.28685325814877
 20
548.3475509821474
 42
0
  0
CIRCLE
  5
2CE
330
2CB
100
AcDbEntity
  8
0
 62
     3
100
AcDbCircle
 10
-0.7756798450136557
 20
548.3475509821474
 30
0
 40
49.47020332644246
1001
AcDbBlockRepETag
1070
     1
1071
      149
1005
0
  0
CIRCLE
  5
2CF
330
2CB
100
AcDbEntity
  8
0
 62
     3
100
AcDbCircle
 10
0
 20
49.47020332644752
 30
0
 40
49.47020332644246
1001
AcDbBlockRepETag
1070
     1
1071
      149
1005
0
  0
ENDBLK
  5
2D0
330
2CB
100
AcDbEntity
  8
0
370
    -3
100
AcDbBlockEnd
  0
BLOCK
  5
2D2
330
2D1
100
AcDbEntity
  8
0
100
AcDbBlockBegin
  2
RCCB
 70
     0
 10
0
 20
0
 30
0
  3
RCCB
  1

  0
LWPOLYLINE
  5
2D3
330
2D1
100
AcDbEntity
  8
E-SLD-LEGENDF
100
AcDbPolyline
 90
        2
 70
     0
 43
30
 43
30
 10
77.34422445716336
 20
49.47020332644206
 42
0.6113836959509442
 10
77.28685325814877
 20
548.3475509821419
 42
0
  0
CIRCLE
  5
2D4
330
2D1
100
AcDbEntity
  8
0
 62
     3
100
AcDbCircle
 10
-0.7756798450136557
 20
548.3475509821419
 30
0
 40
49.47020332644246
1001
AcDbBlockRepETag
1070
     1
1071
      149
1005
0
  0
CIRCLE
  5
2D5
330
2D1
100
AcDbEntity
  8
0
 62
     3
100
AcDbCircle
 10
0
 20
49.47020332644206
 30
0
 40
49.47020332644246
1001
AcDbBlockRepETag
1070
     1
1071
      149
1005
0
  0
LINE
  5
2D6
330
2D1
100
AcDbEntity
  8
E-SLD-LEGENDF
  6
ByBlock
100
AcDbLine
 10
229.8182771756274
 20
298.9264150621384
 30
0
 11
350.2602078272903
 21
298.9264150621384
 31
0
  0
LINE
  5
2D7
330
2D1
100
AcDbEntity
  8
E-SLD-LEGENDF
100
AcDbLine
 10
350.2602078272903
 20
189.9583210432938
 30
0
 11
350.2602078272903
 21
407.894509080983
 31
0
  0
ENDBLK
  5
2D8
330
2D1
100
AcDbEntity
  8
0
100
AcDbBlockEnd
  0
BLOCK
  5
2DC
330
2D9
100
AcDbEntity
  8
0
100
AcDbBlockBegin
  2
DP ISOL
 70
     0
 10
0
 20
0
 30
0
  3
DP ISOL
  1

  0
LWPOLYLINE
  5
2DD
330
2D9
100
AcDbEntity
  8
SLD
  6
Continuous
 48
0.5
 62
     3
100
AcDbPolyline
 90
        4
 70
     1
 43
0
 10
0
 20
141.2999416394305
 10
0
 20
-141.2999416394305
 10
282.3756324588467
 20
-141.2999416394305
 10
282.3756324588467
 20
141.2999416394305
  0
LINE
  5
2DE
330
2D9
100
AcDbEntity
  8
SLD
  6
Continuous
 48
0.5
 62
     3
100
AcDbLine
 10
141.1878162294233
 20
-141.2999416394305
 30
0
 11
141.1878162294233
 21
-289.3285409813834
 31
0
  0
LINE
  5
2DF
330
2D9
100
AcDbEntity
  8
SLD
  6
Continuous
 48
0.5
 62
     3
100
AcDbLine
 10
141.1878162294233
 20
-289.3285409813834
 30
0
 11
20.16990319215256
 21
-289.3285409813834
 31
0
  0
ENDBLK
  5
2E0
330
2D9
100
AcDbEntity
  8
0
100
AcDbBlockEnd
  0
ENDSEC
  0
SECTION
  2
ENTITIES
  0
LWPOLYLINE
  5
602
330
1F
100
AcDbEntity
  8
SLD
100
AcDbPolyline
 90
        2
 70
     0
 43
33.01676358182182
 43
33.01676358182182
 10
9564.147257437842
 20
10544.23009735532
 10
28020.6626814201
 20
10544.23009735532
  0
CIRCLE
  5
603
330
1F
100
AcDbEntity
  8
TXT
 62
     3
100
AcDbCircle
 10
18939.60102870435
 20
9793.116184849274
 30
0
 40
126.5543423741878
1001
AcDbBlockRepETag
1070
     1
1071
        4
1005
0
  0
LINE
  5
604
330
1F
100
AcDbEntity
  8
TXT
 62
     3
100
AcDbLine
 10
18801.9288116078
 20
9930.788401945973
 30
0
 11
18850.11359502297
 21
9882.603618530758
 31
0
1001
AcDbBlockRepETag
1070
     1
1071
        5
1005
0
  0
LINE
  5
605
330
1F
100
AcDbEntity
  8
TXT
 62
     3
100
AcDbLine
 10
19029.08846238577
 20
9703.628751167791
 30
0
 11
19077.27324580088
 21
9655.443967752577
 31
0
1001
AcDbBlockRepETag
1070
     1
1071
        6
1005
0
  0
LINE
  5
606
330
1F
100
AcDbEntity
  8
TXT
 62
     3
100
AcDbLine
 10
18801.9288116078
 20
9655.443967752577
 30
0
 11
18850.11359502297
 21
9703.628751167776
 31
0
1001
AcDbBlockRepETag
1070
     1
1071
        7
1005
0
  0
LINE
  5
607
330
1F
100
AcDbEntity
  8
TXT
 62
     3
100
AcDbLine
 10
19029.08846238574
 20
9882.603618530758
 30
0
 11
19077.27324580088
 21
9930.788401945973
 31
0
1001
AcDbBlockRepETag
1070
     1
1071
        8
1005
0
  0
LINE
  5
608
330
1F
100
AcDbEntity
  8
TXT
100
AcDbLine
 10
17714.07785984292
 20
9793.116184849274
 30
0
 11
17219.76092880056
 21
9793.116184849274
 31
0
1001
AcDbBlockRepETag
1070
     1
1071
        9
1005
0
  0
LWPOLYLINE
  5
609
330
1F
100
AcDbEntity
  8
TXT
100
AcDbPolyline
 90
        2
 70
     1
 43
58.34117727668383
 43
58.34117727668383
 10
17190.59034016228
 20
9793.116184849274
 42
1
 10
17248.93151743886
 20
9793.116184849274
 42
1
1001
AcDbBlockRepETag
1070
     1
1071
       11
1005
0
  0
CIRCLE
  5
60A
330
1F
100
AcDbEntity
  8
TXT
 62
     3
100
AcDbCircle
 10
19438.03035812535
 20
9793.116184849274
 30
0
 40
126.5543423741878
1001
AcDbBlockRepETag
1070
     1
1071
       14
1005
0
  0
LINE
  5
60B
330
1F
100
AcDbEntity
  8
TXT
 62
     3
100
AcDbLine
 10
19300.35814102882
 20
9930.788401945973
 30
0
 11
19348.54292444397
 21
9882.603618530758
 31
0
1001
AcDbBlockRepETag
1070
     1
1071
       15
1005
0
  0
LINE
  5
60C
330
1F
100
AcDbEntity
  8
TXT
 62
     3
100
AcDbLine
 10
19527.51779180676
 20
9703.628751167791
 30
0
 11
19575.70257522191
 21
9655.443967752577
 31
0
1001
AcDbBlockRepETag
1070
     1
1071
       16
1005
0
  0
LINE
  5
60D
330
1F
100
AcDbEntity
  8
TXT
 62
     3
100
AcDbLine
 10
19300.35814102882
 20
9655.443967752577
 30
0
 11
19348.54292444397
 21
9703.628751167776
 31
0
1001
AcDbBlockRepETag
1070
     1
1071
       17
1005
0
  0
LINE
  5
60E
330
1F
100
AcDbEntity
  8
TXT
 62
     3
100
AcDbLine
 10
19527.51779180675
 20
9882.603618530758
 30
0
 11
19575.70257522191
 21
9930.788401945973
 31
0
1001
AcDbBlockRepETag
1070
     1
1071
       18
1005
0
  0
LINE
  5
60F
330
1F
100
AcDbEntity
  8
TXT
100
AcDbLine
 10
19311.47601575118
 20
9793.116184849274
 30
0
 11
19066.15537107851
 21
9793.116184849274
 31
0
1001
AcDbBlockRepETag
1070
     1
1071
       19
1005
0
  0
CIRCLE
  5
610
330
1F
100
AcDbEntity
  8
TXT
 62
     3
100
AcDbCircle
 10
19936.45968754639
 20
9793.116184849274
 30
0
 40
126.5543423741878
1001
AcDbBlockRepETag
1070
     1
1071
       21
1005
0
  0
LINE
  5
611
330
1F
100
AcDbEntity
  8
TXT
 62
     3
100
AcDbLine
 10
19798.78747044982
 20
9930.788401945973
 30
0
 11
19846.97225386499
 21
9882.603618530758
 31
0
1001
AcDbBlockRepETag
1070
     1
1071
       22
1005
0
  0
LINE
  5
612
330
1F
100
AcDbEntity
  8
TXT
 62
     3
100
AcDbLine
 10
20025.94712122779
 20
9703.628751167791
 30
0
 11
20074.13190464293
 21
9655.443967752577
 31
0
1001
AcDbBlockRepETag
1070
     1
1071
       23
1005
0
  0
LINE
  5
613
330
1F
100
AcDbEntity
  8
TXT
 62
     3
100
AcDbLine
 10
19798.78747044982
 20
9655.443967752577
 30
0
 11
19846.97225386499
 21
9703.628751167776
 31
0
1001
AcDbBlockRepETag
1070
     1
1071
       24
1005
0
  0
LINE
  5
614
330
1F
100
AcDbEntity
  8
TXT
 62
     3
100
AcDbLine
 10
20025.94712122779
 20
9882.603618530758
 30
0
 11
20074.13190464293
 21
9930.788401945973
 31
0
1001
AcDbBlockRepETag
1070
     1
1071
       25
1005
0
  0
LINE
  5
615
330
1F
100
AcDbEntity
  8
TXT
100
AcDbLine
 10
19809.9053451722
 20
9793.116184849274
 30
0
 11
19564.58470049953
 21
9793.116184849274
 31
0
1001
AcDbBlockRepETag
1070
     1
1071
       26
1005
0
  0
LINE
  5
616
330
1F
100
AcDbEntity
  8
TXT
100
AcDbLine
 10
29297.73421055956
 20
6456.842218080972
 30
0
 11
29297.73421055956
 21
6102.587946132138
 31
0
  0
LINE
  5
617
330
1F
100
AcDbEntity
  8
TXT
 62
     5
100
AcDbLine
 10
29077.4884823978
 20
6102.587946132138
 30
0
 11
29517.97993872127
 21
6102.587946132138
 31
0
  0
LINE
  5
618
330
1F
100
AcDbEntity
  8
TXT
 62
     5
100
AcDbLine
 10
29160.08063045841
 20
5993.485284240691
 30
0
 11
29435.38779066065
 21
5993.485284240691
 31
0
  0
LINE
  5
619
330
1F
100
AcDbEntity
  8
TXT
 62
     5
100
AcDbLine
 10
29225.4660810065
 20
5884.382622349236
 30
0
 11
29370.00234011263
 21
5884.382622349236
 31
0
  0
LWPOLYLINE
  5
61A
330
1F
100
AcDbEntity
  8
TXT
100
AcDbPolyline
 90
        2
 70
     1
 43
80.48623274853323
 43
80.48623274853323
 10
28857.49109418532
 20
6456.842218080972
 42
1
 10
28937.97732693381
 20
6456.842218080972
 42
1
  0
TEXT
  5
61B
330
1F
100
AcDbEntity
  8
TXT
100
AcDbText
 10
29596.00578151596
 20
5898.013612585331
 30
0
 40
193.5
  1
E
 41
0.7
  7
SIMPLEX
 11
0
 21
0
 31
0
100
AcDbText
1001
ACAD
1000
ACAD_MTEXT_DEFINED_HEIGHT_BEGIN
1070
    46
1040
662.3509108316973
1000
ACAD_MTEXT_DEFINED_HEIGHT_END
  0
LINE
  5
61C
330
1F
100
AcDbEntity
  8
E-SLD-FRAME
  6
CENTER
 48
500
 62
     7
100
AcDbLine
 10
28905.69201306603
 20
15503.04311484647
 30
0
 11
28897.59921732363
 21
5527.785107948743
 31
0
  0
LINE
  5
61D
330
1F
100
AcDbEntity
  8
E-SLD-FRAME
  6
CENTER
 48
500
 62
     7
100
AcDbLine
 10
28897.59921732363
 20
5527.785107948743
 30
0
 11
5986.662922363635
 21
5527.291405629217
 31
0
  0
LINE
  5
61E
330
1F
100
AcDbEntity
  8
E-SLD-FRAME
  6
CENTER
 48
500
 62
     7
100
AcDbLine
 10
28905.69201306603
 20
15503.04311484647
 30
0
 11
5992.579999654496
 21
15503.04311484647
 31
0
  0
LINE
  5
61F
330
1F
100
AcDbEntity
  8
E-SLD-FRAME
  6
CENTER
 48
500
 62
     7
100
AcDbLine
 10
5992.579999654496
 20
15503.04311484647
 30
0
 11
5993.047949459763
 21
5527.291543218647
 31
0
  0
MTEXT
  5
620
330
1F
100
AcDbEntity
  8
TXT
 62
     3
100
AcDbMText
 10
6266.394421351049
 20
6963.04053806939
 30
0
210
0
220
0
230
1
 11
1
 21
0
 31
0
 40
280
 41
6727.753593968866
 46
1102.568726656781
 71
     1
 72
     5
  1
{\W0.9;\PAPPROVED LOAD: 69.282 kVA}
  7
ARIAL
 73
     1
 44
0.9267968270654926
101
Embedded Object
 70
     1
 10
6266.394421351049
 20
6963.04053806939
 30
0
 11
1
 21
0
 31
0
 40
6727.753593968866
 41
1102.568726656781
 42
722.2459772326549
 43
5029.170532060027
 71
     0
1001
ACAD
1000
ACAD_MTEXT_DEFINED_HEIGHT_BEGIN
1070
    46
1040
380.9773931342818
1000
ACAD_MTEXT_DEFINED_HEIGHT_END
  0
MTEXT
  5
621
330
1F
100
AcDbEntity
  8
0
  6
ByBlock
 62
     0
100
AcDbMText
 10
6253.372582924822
 20
5348.818714034895
 30
0
210
0
220
0
230
1
 11
1
 21
0
 31
0
 40
185
 41
4322.390923229097
 46
11.75968872612979
 71
     1
 72
     5
  1
{\W0.65;LOCATED INSIDE UNIT #05-26}
  7
SLD-TXT
 73
     1
 44
0.8188140912799792
101
Embedded Object
 70
     1
 10
6253.372582924822
 20
5348.818714034895
 30
0
 11
1
 21
0
 31
0
 40
4322.390923229097
 41
11.75968872612979
 42
281.9047619047619
 43
2765.75
 71
     0
1001
ACAD
1000
ACAD_MTEXT_DEFINED_HEIGHT_BEGIN
1070
    46
1040
817.1487598297145
1000
ACAD_MTEXT_DEFINED_HEIGHT_END
  0
MTEXT
  5
622
330
1F
100
AcDbEntity
  8
TXT
 62
     3
100
AcDbMText
 10
6266.394421351049
 20
7587.528025645186
 30
0
210
0
220
0
230
1
 11
1
 21
0
 31
0
 40
350
 41
4520.115881291042
 46
1102.568726656781
 71
     1
 72
     5
  1
\PMSB
  7
ARIAL
 73
     1
 44
0.9267968270654926
101
Embedded Object
 70
     1
 10
6266.394421351049
 20
7587.528025645186
 30
0
 11
1
 21
0
 31
0
 40
4520.115881291042
 41
1102.568726656781
 42
902.5687266567807
 43
947.3755115961801
 71
     0
1001
ACAD
1000
ACAD_MTEXT_DEFINED_HEIGHT_BEGIN
1070
    46
1040
380.9773931342818
1000
ACAD_MTEXT_DEFINED_HEIGHT_END
  0
LINE
  5
623
330
1F
100
AcDbEntity
  8
0
100
AcDbLine
 10
17220.20617138385
 20
10544.23009735532
 30
0
 11
17211.19689530299
 21
6972.952532493836
 31
0
  0
CIRCLE
  5
624
330
1F
100
AcDbEntity
  8
SLD
370
    -3
100
AcDbCircle
 10
17784.91250332918
 20
9793.69164336687
 30
0
 40
70.836980951553
  0
CIRCLE
  5
625
330
1F
100
AcDbEntity
  8
SLD
370
    -3
100
AcDbCircle
 10
18352.72970832435
 20
9793.69164336687
 30
0
 40
70.836980951553
  0
LWPOLYLINE
  5
626
330
1F
100
AcDbEntity
  8
0
 62
     3
100
AcDbPolyline
 90
        2
 70
     0
 43
0
 10
17786.50724595596
 20
9864.510670939157
 10
18348.82859210335
 20
9722.962164628789
  0
LWPOLYLINE
  5
627
330
1F
100
AcDbEntity
  8
0
 62
     3
100
AcDbPolyline
 90
        2
 70
     0
 43
0
 10
17784.78992815691
 20
9722.854768466452
 10
18356.68973139398
 20
9864.417848465253
  0
MTEXT
  5
628
330
1F
100
AcDbEntity
  8
SLD-TXT
100
AcDbMText
 10
17978.73908336938
 20
10101.77987219562
 30
0
210
0
220
0
230
1
 11
1
 21
0
 31
0
 40
175
 41
669.591574404039
 46
0
 71
     1
 72
     5
  1
{\W0.65;2A}
  7
SLD-TXT
 73
     1
 44
0.8333333333333333
101
Embedded Object
 70
     1
 10
17978.73908336938
 20
10101.77987219562
 30
0
 11
1
 21
0
 31
0
 40
669.591574404039
 41
0
 42
175
 43
184.1666666666667
 71
     0
  0
LINE
  5
629
330
1F
100
AcDbEntity
  8
0
100
AcDbLine
 10
18423.27346179404
 20
9800.13033242104
 30
0
 11
18813.26096453892
 21
9800.477554316754
 31
0
  0
LINE
  5
62A
330
1F
100
AcDbEntity
  8
0
100
AcDbLine
 10
18545.20796412979
 20
9800.238895717956
 30
0
 11
18939.60102870435
 21
9327.216629381415
 31
0
  0
LINE
  5
62B
330
1F
100
AcDbEntity
  8
0
100
AcDbLine
 10
18939.60102870435
 20
9327.216629381415
 30
0
 11
19308.29767272982
 21
9327.216629381415
 31
0
  0
CIRCLE
  5
62C
330
1F
100
AcDbEntity
  8
TXT
 62
     3
100
AcDbCircle
 10
19438.03035812535
 20
9327.120523240425
 30
0
 40
126.5543423741878
1001
AcDbBlockRepETag
1070
     1
1071
       14
1005
0
  0
LINE
  5
62D
330
1F
100
AcDbEntity
  8
TXT
 62
     3
100
AcDbLine
 10
19350.29635721605
 20
9235.913359825438
 30
0
 11
19525.88218728396
 21
9418.214198582074
 31
0
1001
AcDbBlockRepETag
1070
     1
1071
        8
1005
0
  0
MTEXT
  5
62E
330
1F
100
AcDbEntity
  8
SLD-TXT
100
AcDbMText
 10
19303.81098276598
 20
9174.029129974602
 30
0
210
0
220
0
230
1
 11
1
 21
0
 31
0
 40
175
 41
669.591574404039
 46
0
 71
     1
 72
     5
  1
{\W0.65;VSS}
  7
SLD-TXT
 73
     1
 44
0.8333333333333333
101
Embedded Object
 70
     1
 10
19303.81098276598
 20
9174.029129974602
 30
0
 11
1
 21
0
 31
0
 40
669.591574404039
 41
0
 42
175.0000000000001
 43
292.5
 71
     0
  0
LINE
  5
62F
330
1F
100
AcDbEntity
  8
0
100
AcDbLine
 10
19564.58235511693
 20
9327.890997903804
 30
0
 11
20324.35929942923
 21
9327.890997903804
 31
0
  0
CIRCLE
  5
630
330
1F
100
AcDbEntity
  8
TXT
 62
     3
100
AcDbCircle
 10
20454.09198482476
 20
9327.794891762813
 30
0
 40
126.5543423741878
1001
AcDbBlockRepETag
1070
     1
1071
       14
1005
0
  0
MTEXT
  5
631
330
1F
100
AcDbEntity
  8
SLD-TXT
100
AcDbMText
 10
20411.46523164317
 20
9403.030982354772
 30
0
210
0
220
0
230
1
 11
1
 21
0
 31
0
 40
175
 41
669.591574404039
 46
0
 71
     1
 72
     5
  1
{\W0.65;V}
  7
SLD-TXT
 73
     1
 44
0.8333333333333333
101
Embedded Object
 70
     1
 10
20411.46523164317
 20
9403.030982354772
 30
0
 11
1
 21
0
 31
0
 40
669.591574404039
 41
0
 42
175
 43
86.66666666666664
 71
     0
  0
MTEXT
  5
632
330
1F
100
AcDbEntity
  8
SLD-TXT
100
AcDbMText
 10
20611.25452061731
 20
9405.966990056739
 30
0
210
0
220
0
230
1
 11
1
 21
0
 31
0
 40
175
 41
1154.373814716353
 46
0
 71
     1
 72
     5
  1
{\W0.65;0 - 500V}
  7
SLD-TXT
 73
     1
 44
0.8333333333333333
101
Embedded Object
 70
     1
 10
20611.25452061731
 20
9405.966990056739
 30
0
 11
1
 21
0
 31
0
 40
1154.373814716353
 41
0
 42
175
 43
877.5000000000001
 71
     0
  0
LINE
  5
633
330
1F
100
AcDbEntity
  8
0
100
AcDbLine
 10
16719.81352033174
 20
8988.917843435858
 30
0
 11
17244.85564845335
 21
8988.917843435858
 31
0
  0
CIRCLE
  5
634
330
1F
100
AcDbEntity
  8
TXT
 62
     3
100
AcDbCircle
 10
16593.26047307299
 20
8989.490384516383
 30
0
 40
126.5543423741878
1001
AcDbBlockRepETag
1070
     1
1071
       14
1005
0
  0
LINE
  5
635
330
1F
100
AcDbEntity
  8
TXT
 62
     3
100
AcDbLine
 10
16505.52647216369
 20
8898.283221101396
 30
0
 11
16681.1123022316
 21
9080.584059858033
 31
0
1001
AcDbBlockRepETag
1070
     1
1071
        8
1005
0
  0
MTEXT
  5
636
330
1F
100
AcDbEntity
  8
SLD-TXT
100
AcDbMText
 10
16459.04109771362
 20
9386.835162312007
 30
0
210
0
220
0
230
1
 11
1
 21
0
 31
0
 40
175
 41
669.591574404039
 46
0
 71
     1
 72
     5
  1
{\W0.65;ASS}
  7
SLD-TXT
 73
     1
 44
0.8333333333333333
101
Embedded Object
 70
     1
 10
16459.04109771362
 20
9386.835162312007
 30
0
 11
1
 21
0
 31
0
 40
669.591574404039
 41
0
 42
175.0000000000001
 43
292.5
 71
     0
  0
LINE
  5
637
330
1F
100
AcDbEntity
  8
0
100
AcDbLine
 10
15703.7550085916
 20
8988.55972990896
 30
0
 11
16463.5319529039
 21
8988.55972990896
 31
0
  0
CIRCLE
  5
638
330
1F
100
AcDbEntity
  8
TXT
 62
     3
100
AcDbCircle
 10
15577.20480389493
 20
8989.583089568536
 30
0
 40
126.5543423741878
1001
AcDbBlockRepETag
1070
     1
1071
       14
1005
0
  0
MTEXT
  5
639
330
1F
100
AcDbEntity
  8
SLD-TXT
100
AcDbMText
 10
15534.57805071335
 20
9064.819180160495
 30
0
210
0
220
0
230
1
 11
1
 21
0
 31
0
 40
175
 41
669.591574404039
 46
0
 71
     1
 72
     5
  1
{\W0.65;A}
  7
SLD-TXT
 73
     1
 44
0.8333333333333333
101
Embedded Object
 70
     1
 10
15534.57805071335
 20
9064.819180160495
 30
0
 11
1
 21
0
 31
0
 40
669.591574404039
 41
0
 42
175
 43
86.66666666666666
 71
     0
  0
MTEXT
  5
63A
330
1F
100
AcDbEntity
  8
SLD-TXT
100
AcDbMText
 10
14556.67396257777
 20
9064.123888793863
 30
0
210
0
220
0
230
1
 11
1
 21
0
 31
0
 40
175
 41
1154.373814716353
 46
0
 71
     1
 72
     5
  1
{\W0.65;0 - 100A}
  7
SLD-TXT
 73
     1
 44
0.8333333333333333
101
Embedded Object
 70
     1
 10
14556.67396257777
 20
9064.123888793863
 30
0
 11
1
 21
0
 31
0
 40
1154.373814716353
 41
0
 42
175
 43
877.5000000000001
 71
     0
  0
LINE
  5
63B
330
1F
100
AcDbEntity
  8
0
100
AcDbLine
 10
17172.46564957791
 20
8942.873045885652
 30
0
 11
17245.18800780682
 21
8942.148937843558
 31
0
  0
LINE
  5
63C
330
1F
100
AcDbEntity
  8
0
100
AcDbLine
 10
17171.99842625392
 20
9035.914494683042
 30
0
 11
17244.85564845335
 21
9035.914494683042
 31
0
  0
ARC
  5
63D
330
1F
100
AcDbEntity
  8
0
100
AcDbCircle
 10
17228.9978845867
 20
9012.416169059448
 30
0
 40
28.34854461806798
100
AcDbArc
 50
304.0133093309079
 51
55.98669066909214
  0
ARC
  5
63E
330
1F
100
AcDbEntity
  8
0
100
AcDbCircle
 10
17228.9978845867
 20
8965.419517812268
 30
0
 40
28.34854461806798
100
AcDbArc
 50
304.0133093309079
 51
55.98669066909214
  0
MTEXT
  5
63F
330
1F
100
AcDbEntity
  8
SLD-TXT
100
AcDbMText
 10
17645.14433975496
 20
9241.7203581662
 30
0
210
0
220
0
230
1
 11
1
 21
0
 31
0
 40
175
 41
1154.373814716353
 46
0
 71
     1
 72
     5
  1
{\W0.65;100/5A\PCL1 5VA}
  7
SLD-TXT
 73
     1
 44
0.8333333333333333
101
Embedded Object
 70
     1
 10
17645.14433975496
 20
9241.7203581662
 30
0
 11
1
 21
0
 31
0
 40
1154.373814716353
 41
0
 42
445.8333333333333
 43
709.5833333333333
 71
     0
  0
LINE
  5
640
330
1F
100
AcDbEntity
  8
0
100
AcDbLine
 10
17167.00894154984
 20
7262.344915522084
 30
0
 11
17239.73129977875
 21
7261.620807479987
 31
0
  0
LINE
  5
641
330
1F
100
AcDbEntity
  8
0
100
AcDbLine
 10
17166.54171822585
 20
7355.386364319475
 30
0
 11
17239.39894042528
 21
7355.386364319471
 31
0
  0
ARC
  5
642
330
1F
100
AcDbEntity
  8
0
100
AcDbCircle
 10
17223.54117655863
 20
7331.888038695881
 30
0
 40
28.34854461806798
100
AcDbArc
 50
304.0133093309079
 51
55.98669066909214
  0
ARC
  5
643
330
1F
100
AcDbEntity
  8
0
100
AcDbCircle
 10
17223.54117655863
 20
7284.891387448697
 30
0
 40
28.34854461806798
100
AcDbArc
 50
304.0133093309079
 51
55.98669066909214
  0
INSERT
  5
649
330
1F
100
AcDbEntity
  8
SLD
370
    -3
100
AcDbBlockReference
  2
MCCB
 10
17207.86901403214
 20
6349.062312464774
 30
0
 41
1.043890447483075
 42
1.043890447483075
 43
1.043890447483075
  0
MTEXT
  5
64A
330
1F
100
AcDbEntity
  8
SLD-TXT
100
AcDbMText
 10
17639.68763172689
 20
7520.579802258148
 30
0
210
0
220
0
230
1
 11
1
 21
0
 31
0
 40
175
 41
1154.373814716353
 46
0
 71
     1
 72
     5
  1
{\W0.65;100/5A CT\P5P10 20VA}
  7
SLD-TXT
 73
     1
 44
0.8333333333333333
101
Embedded Object
 70
     1
 10
17639.68763172689
 20
7520.579802258148
 30
0
 11
1
 21
0
 31
0
 40
1154.373814716353
 41
0
 42
445.8333333333334
 43
942.5
 71
     0
  0
LWPOLYLINE
  5
64B
330
1F
100
AcDbEntity
  8
0
100
AcDbPolyline
 90
        4
 70
     1
 43
0
 10
15295.42503637429
 20
7485.806892462407
 10
15962.52190271723
 20
7485.806892462407
 10
15962.52190271723
 20
7117.818107516981
 10
15295.42503637429
 20
7117.818107516981
  0
MTEXT
  5
64C
330
1F
100
AcDbEntity
  8
SLD-TXT
100
AcDbMText
 10
15491.69111359669
 20
7384.000117996833
 30
0
210
0
220
0
230
1
 11
1
 21
0
 31
0
 40
175
 41
1154.373814716353
 46
0
 71
     1
 72
     5
  1
{\W0.65;ELR}
  7
SLD-TXT
 73
     1
 44
0.8333333333333333
101
Embedded Object
 70
     1
 10
15491.69111359669
 20
7384.000117996833
 30
0
 11
1
 21
0
 31
0
 40
1154.373814716353
 41
0
 42
175
 43
270.8333333333333
 71
     0
  0
LINE
  5
64D
330
1F
100
AcDbEntity
  8
0
100
AcDbLine
 10
17239.39894042528
 20
7308.389713072289
 30
0
 11
15962.52190271723
 21
7306.84167690478
 31
0
  0
MTEXT
  5
64E
330
1F
100
AcDbEntity
  8
SLD-TXT
100
AcDbMText
 10
14415.246572548
 20
7504.462127576296
 30
0
210
0
220
0
230
1
 11
1
 21
0
 31
0
 40
175
 41
820.3249674929534
 46
0
 71
     1
 72
     5
  1
{\W0.65;0 - 3A\P0.2 SEC}
  7
SLD-TXT
 73
     1
 44
0.8333333333333333
101
Embedded Object
 70
     1
 10
14415.246572548
 20
7504.462127576296
 30
0
 11
1
 21
0
 31
0
 40
820.3249674929534
 41
0
 42
418.0555555555556
 43
677.0833333333334
 71
     0
  0
LINE
  5
64F
330
1F
100
AcDbEntity
  8
0
100
AcDbLine
 10
15638.57643085349
 20
7117.818107516981
 30
0
 11
15638.57643085349
 21
6666.447729197666
 31
0
  0
LINE
  5
650
102
{ACAD_REACTORS
330
653
102
}
330
1F
100
AcDbEntity
  8
0
100
AcDbLine
 10
15638.57643085349
 20
6666.447729197666
 30
0
 11
17114.57065517493
 21
6666.447729197666
 31
0
  0
MULTILEADER
  5
651
102
{ACAD_REACTORS
330
653
102
}
102
{ACAD_XDICTIONARY
360
652
102
}
330
1F
100
AcDbEntity
  8
0
160
         452
310
C4010000170000000C00000016000000000000C00C00000033000000000000000C00000013000000993A00000C00000033000000000000000C00000010000000000000000C00000016000000000000C00C00000012000000FF7F00000C00000013000000010000000C00000014000000010000005400000007000000030000
310
0068489D85A498D0407175619E721EBA40000000000000000068489D85A4B6D0407175619E720ABA40000000000000000068489D85A498D0407175619E72F6B94000000000000000000C00000014000000010000000C00000013000000891300003C000000060000000200000068489D85A498D0407175619E720ABA400000
310
000000000000E869F780C31AD0407175619E720ABA4000000000000000000C00000013000000112700003C0000000600000002000000E869F780C31AD0407175619E720ABA400000000000000000E869F780C318D0407175619E720ABA4000000000000000000C00000016000000000000C00C00000012000000FF7F00000C
310
00000017000000000000000C000000130000009A3A00000C00000016000000000000C00C00000012000000FF7F00000C00000017000000FFFFFFFF0C0000003300000000000000
100
AcDbMLeader
270
     2
300
CONTEXT_DATA{
 40
1
 10
16479.05474648802
 20
6666.447729197666
 30
0
 41
4
140
120
145
2
174
     1
175
     1
176
     2
177
     0
290
     1
304

 11
0
 21
0
 31
1
340
11
 12
16481.05474648802
 22
6668.447729197666
 32
0
 13
1
 23
0
 33
0
 42
0
 43
0
 44
0
 45
1
170
     1
 90
-1073741824
171
     3
172
     5
 91
-1073741824
141
0
 92
        0
291
     0
292
     0
173
     0
293
     0
142
0
143
0
294
     0
295
     0
296
     0
110
17114.57065517493
120
6666.447729197666
130
0
111
1
121
0
131
0
112
0
122
1
132
0
297
     0
302
LEADER{
290
     1
291
     1
 10
16491.05474648802
 20
6666.447729197666
 30
0
 11
-1
 21
0
 31
0
 90
        0
 40
8
304
LEADER_LINE{
 10
17114.57065517493
 20
6666.447729197666
 30
0
 91
        0
170
     1
 92
-1056964608
340
0
171
    -2
 40
0
341
0
 93
        0
271
     0
305
}
303
}
273
     9
272
     9
301
}
340
12E
 90
   280064
170
     1
 91
-1056964608
341
14
171
    -2
290
     1
291
     1
 41
8
 42
120
172
     2
343
11
173
     1
 95
        1
174
     1
175
     2
 92
-1056964608
292
     0
 93
-1056964608
 10
1
 20
1
 30
1
 43
0
176
     0
293
     0
271
     0
273
    32
272
   178
295
     0
  0
LINE
  5
654
330
1F
100
AcDbEntity
  8
0
100
AcDbLine
 10
17207.86901403214
 20
6349.062312464778
 30
0
 11
17214.3042207725
 21
5279.333049305848
 31
0
  0
MTEXT
  5
655
330
1F
100
AcDbEntity
  8
SLD-TXT
100
AcDbMText
 10
17645.89107751477
 20
6759.133924239844
 30
0
210
0
220
0
230
1
 11
1
 21
0
 31
0
 40
175
 41
2337.746837167302
 46
0
 71
     1
 72
     5
  1
{\W0.65;100A TPN MCCB (35KA)}
  7
SLD-TXT
 73
     1
 44
0.8333333333333333
101
Embedded Object
 70
     1
 10
17645.89107751477
 20
6759.133924239844
 30
0
 11
1
 21
0
 31
0
 40
2337.746837167302
 41
0
 42
266.6666666666667
 43
2080
 71
     0
  0
CIRCLE
  5
656
330
1F
100
AcDbEntity
  8
TXT
 62
     3
100
AcDbCircle
 10
18927.70911393592
 20
5852.043091676715
 30
0
 40
126.5543423741878
1001
AcDbBlockRepETag
1070
     1
1071
        4
1005
0
  0
LINE
  5
657
330
1F
100
AcDbEntity
  8
TXT
 62
     3
100
AcDbLine
 10
18790.03689683937
 20
5989.715308773412
 30
0
 11
18838.22168025454
 21
5941.530525358198
 31
0
1001
AcDbBlockRepETag
1070
     1
1071
        5
1005
0
  0
LINE
  5
658
330
1F
100
AcDbEntity
  8
TXT
 62
     3
100
AcDbLine
 10
19017.19654761735
 20
5762.555657995233
 30
0
 11
19065.38133103246
 21
5714.370874580019
 31
0
1001
AcDbBlockRepETag
1070
     1
1071
        6
1005
0
  0
LINE
  5
659
330
1F
100
AcDbEntity
  8
TXT
 62
     3
100
AcDbLine
 10
18790.03689683937
 20
5714.370874580019
 30
0
 11
18838.22168025454
 21
5762.555657995218
 31
0
1001
AcDbBlockRepETag
1070
     1
1071
        7
1005
0
  0
LINE
  5
65A
330
1F
100
AcDbEntity
  8
TXT
 62
     3
100
AcDbLine
 10
19017.19654761732
 20
5941.530525358198
 30
0
 11
19065.38133103246
 21
5989.715308773412
 31
0
1001
AcDbBlockRepETag
1070
     1
1071
        8
1005
0
  0
LINE
  5
65B
330
1F
100
AcDbEntity
  8
TXT
100
AcDbLine
 10
17702.18594507449
 20
5852.043091676715
 30
0
 11
17207.86901403214
 21
5852.043091676715
 31
0
1001
AcDbBlockRepETag
1070
     1
1071
        9
1005
0
  0
LWPOLYLINE
  5
65C
330
1F
100
AcDbEntity
  8
TXT
100
AcDbPolyline
 90
        2
 70
     1
 43
58.34117727668383
 43
58.34117727668383
 10
17178.69842539385
 20
5852.043091676715
 42
1
 10
17237.03960267044
 20
5852.043091676715
 42
1
1001
AcDbBlockRepETag
1070
     1
1071
       11
1005
0
  0
CIRCLE
  5
65D
330
1F
100
AcDbEntity
  8
TXT
 62
     3
100
AcDbCircle
 10
19426.13844335693
 20
5852.043091676715
 30
0
 40
126.5543423741878
1001
AcDbBlockRepETag
1070
     1
1071
       14
1005
0
  0
LINE
  5
65E
330
1F
100
AcDbEntity
  8
TXT
 62
     3
100
AcDbLine
 10
19288.46622626039
 20
5989.715308773412
 30
0
 11
19336.65100967555
 21
5941.530525358198
 31
0
1001
AcDbBlockRepETag
1070
     1
1071
       15
1005
0
  0
LINE
  5
65F
330
1F
100
AcDbEntity
  8
TXT
 62
     3
100
AcDbLine
 10
19515.62587703834
 20
5762.555657995233
 30
0
 11
19563.81066045348
 21
5714.370874580019
 31
0
1001
AcDbBlockRepETag
1070
     1
1071
       16
1005
0
  0
LINE
  5
660
330
1F
100
AcDbEntity
  8
TXT
 62
     3
100
AcDbLine
 10
19288.46622626039
 20
5714.370874580019
 30
0
 11
19336.65100967555
 21
5762.555657995218
 31
0
1001
AcDbBlockRepETag
1070
     1
1071
       17
1005
0
  0
LINE
  5
661
330
1F
100
AcDbEntity
  8
TXT
 62
     3
100
AcDbLine
 10
19515.62587703832
 20
5941.530525358198
 30
0
 11
19563.81066045348
 21
5989.715308773412
 31
0
1001
AcDbBlockRepETag
1070
     1
1071
       18
1005
0
  0
LINE
  5
662
330
1F
100
AcDbEntity
  8
TXT
100
AcDbLine
 10
19299.58410098275
 20
5852.043091676715
 30
0
 11
19054.26345631008
 21
5852.043091676715
 31
0
1001
AcDbBlockRepETag
1070
     1
1071
       19
1005
0
  0
CIRCLE
  5
663
330
1F
100
AcDbEntity
  8
TXT
 62
     3
100
AcDbCircle
 10
19924.56777277797
 20
5852.043091676715
 30
0
 40
126.5543423741878
1001
AcDbBlockRepETag
1070
     1
1071
       21
1005
0
  0
LINE
  5
664
330
1F
100
AcDbEntity
  8
TXT
 62
     3
100
AcDbLine
 10
19786.8955556814
 20
5989.715308773412
 30
0
 11
19835.08033909657
 21
5941.530525358198
 31
0
1001
AcDbBlockRepETag
1070
     1
1071
       22
1005
0
  0
LINE
  5
665
330
1F
100
AcDbEntity
  8
TXT
 62
     3
100
AcDbLine
 10
20014.05520645936
 20
5762.555657995233
 30
0
 11
20062.2399898745
 21
5714.370874580019
 31
0
1001
AcDbBlockRepETag
1070
     1
1071
       23
1005
0
  0
LINE
  5
666
330
1F
100
AcDbEntity
  8
TXT
 62
     3
100
AcDbLine
 10
19786.8955556814
 20
5714.370874580019
 30
0
 11
19835.08033909657
 21
5762.555657995218
 31
0
1001
AcDbBlockRepETag
1070
     1
1071
       24
1005
0
  0
LINE
  5
667
330
1F
100
AcDbEntity
  8
TXT
 62
     3
100
AcDbLine
 10
20014.05520645936
 20
5941.530525358198
 30
0
 11
20062.2399898745
 21
5989.715308773412
 31
0
1001
AcDbBlockRepETag
1070
     1
1071
       25
1005
0
  0
LINE
  5
668
330
1F
100
AcDbEntity
  8
TXT
100
AcDbLine
 10
19798.01343040377
 20
5852.043091676715
 30
0
 11
19552.69278573111
 21
5852.043091676715
 31
0
1001
AcDbBlockRepETag
1070
     1
1071
       26
1005
0
  0
CIRCLE
  5
669
330
1F
100
AcDbEntity
  8
SLD
370
    -3
100
AcDbCircle
 10
17773.02058856075
 20
5852.618550194312
 30
0
 40
70.836980951553
  0
CIRCLE
  5
66A
330
1F
100
AcDbEntity
  8
SLD
370
    -3
100
AcDbCircle
 10
18340.83779355592
 20
5852.618550194312
 30
0
 40
70.836980951553
  0
LWPOLYLINE
  5
66B
330
1F
100
AcDbEntity
  8
0
 62
     3
100
AcDbPolyline
 90
        2
 70
     0
 43
0
 10
17774.61533118754
 20
5923.437577766596
 10
18336.93667733493
 20
5781.889071456229
  0
LWPOLYLINE
  5
66C
330
1F
100
AcDbEntity
  8
0
 62
     3
100
AcDbPolyline
 90
        2
 70
     0
 43
0
 10
17772.89801338849
 20
5781.781675293892
 10
18344.79781662556
 20
5923.344755292695
  0
MTEXT
  5
66D
330
1F
100
AcDbEntity
  8
SLD-TXT
100
AcDbMText
 10
17966.84716860095
 20
6160.706779023062
 30
0
210
0
220
0
230
1
 11
1
 21
0
 31
0
 40
175
 41
669.591574404039
 46
0
 71
     1
 72
     5
  1
{\W0.65;2A}
  7
SLD-TXT
 73
     1
 44
0.8333333333333333
101
Embedded Object
 70
     1
 10
17966.84716860095
 20
6160.706779023062
 30
0
 11
1
 21
0
 31
0
 40
669.591574404039
 41
0
 42
175
 43
184.1666666666667
 71
     0
  0
LINE
  5
66E
330
1F
100
AcDbEntity
  8
0
100
AcDbLine
 10
18411.38154702562
 20
5859.05723924848
 30
0
 11
18801.36904977049
 21
5859.404461144194
 31
0
  0
LINE
  5
66F
330
1F
100
AcDbEntity
  8
0
100
AcDbLine
 10
17207.86901403214
 20
6349.062312464778
 30
0
 11
17207.86901403214
 21
4417.39883436192
 31
0
  0
LWPOLYLINE
  5
670
330
1F
100
AcDbEntity
  8
SLD-TXT
100
AcDbPolyline
 90
        2
 70
     0
 43
33.1062399058918
 43
33.1062399058918
 10
17137.64016468389
 20
5014.051660470498
 10
17278.09804510622
 20
5154.509540892767
  0
LINE
  5
671
330
1F
100
AcDbEntity
  8
0
100
AcDbLine
 10
17207.86901403214
 20
5084.280509818717
 30
0
 11
18293.08302317679
 21
5084.280509818717
 31
0
  0
MTEXT
  5
672
330
1F
100
AcDbEntity
  8
SLD-TXT
100
AcDbMText
 10
18425.36000422799
 20
5321.726754258853
 30
0
210
0
220
0
230
1
 11
1
 21
0
 31
0
 40
175
 41
3336.281717011705
 46
0
 71
     1
 72
     5
  1
{\W0.65;4 x 35mm² PVC CABLE +\P50mm² CPC IN CABLE TRAY}
  7
SLD-TXT
 73
     1
 44
0.8333333333333333
101
Embedded Object
 70
     1
 10
18425.36000422799
 20
5321.726754258853
 30
0
 11
1
 21
0
 31
0
 40
3336.281717011705
 41
0
 42
498.2638888888888
 43
2453.75
 71
     0
  0
LINE
  5
673
330
1F
100
AcDbEntity
  8
0
100
AcDbLine
 10
17210.89697406916
 20
3329.332502435676
 30
0
 11
16728.80465147694
 21
3329.332502435676
 31
0
  0
CIRCLE
  5
674
330
1F
100
AcDbEntity
  8
SLD
370
    -3
 62
   250
100
AcDbCircle
 10
17207.86901403214
 20
4373.223166568358
 30
0
 40
44.17566779356265
  0
CIRCLE
  5
675
330
1F
100
AcDbEntity
  8
SLD
370
    -3
 62
   250
100
AcDbCircle
 10
17207.86901403214
 20
4019.118518425728
 30
0
 40
44.17566779356265
  0
LWPOLYLINE
  5
676
330
1F
100
AcDbEntity
  8
0
 62
   250
100
AcDbPolyline
 90
        2
 70
     0
 43
0
 10
17222.74628604856
 20
4331.628017784442
 10
17332.4208507946
 20
4024.990494897818
  0
LWPOLYLINE
  5
677
330
1F
100
AcDbEntity
  8
0
  6
CENTER
100
AcDbPolyline
 90
        4
 70
     1
 43
0
 10
16967.60927265225
 20
4483.572852449648
 10
17452.1795375856
 20
4483.572852449648
 10
17452.1795375856
 20
3902.893393837596
 10
16967.60927265225
 20
3902.893393837596
  0
MTEXT
  5
678
330
1F
100
AcDbEntity
  8
SLD-TXT
 62
     7
100
AcDbMText
 10
14950.90675315367
 20
4330.150263244868
 30
0
210
0
220
0
230
1
 11
1
 21
0
 31
0
 40
130.9611182186439
 41
1808.108393620449
 46
0
 71
     1
 72
     5
  1
100A 4P ISOLATOR\P(LOCATED INSIDE UNIT)
  7
SLD-TXT
 73
     1
 44
1
101
Embedded Object
 70
     1
 10
14950.90675315367
 20
4330.150263244868
 30
0
 11
1
 21
0
 31
0
 40
1808.108393620449
 41
0
 42
417.8283295547209
 43
1693.140171255324
 71
     0
  0
LINE
  5
679
330
1F
100
AcDbEntity
  8
0
100
AcDbLine
 10
17207.86901403214
 20
3974.942850632166
 30
0
 11
17212.27514413602
 21
2799.242574871529
 31
0
  0
MTEXT
  5
67A
330
1F
100
AcDbEntity
  8
SLD-TXT
 62
     7
100
AcDbMText
 10
13618.49457826399
 20
3526.400187636329
 30
0
210
0
220
0
230
1
 11
1
 21
0
 31
0
 40
130.9611182186439
 41
3054.119652558005
 46
0
 71
     1
 72
     5
  1
4 x 50mm² PVC/PVC CABLE + 50mm² \PCPC IN METAL TRUNKING
  7
SLD-TXT
 73
     1
 44
1
101
Embedded Object
 70
     1
 10
13618.49457826399
 20
3526.400187636329
 30
0
 11
1
 21
0
 31
0
 40
3054.119652558005
 41
0
 42
381.9699281377113
 43
3012.105719028805
 71
     0
  0
LINE
  5
67B
330
1F
100
AcDbEntity
  8
0
100
AcDbLine
 10
17211.49706055904
 20
2791.928793790721
 30
0
 11
17895.77625610206
 21
2791.928793790721
 31
0
  0
LWPOLYLINE
  5
67C
330
1F
100
AcDbEntity
  8
SLD-TXT
100
AcDbPolyline
 90
        2
 70
     0
 43
29.88200118084135
 43
29.88200118084135
 10
17141.36789417595
 20
3268.313117947269
 10
17268.14648819841
 20
3395.091711969633
  0
MTEXT
  5
67D
330
1F
100
AcDbEntity
  8
SLD-TXT
 62
     7
100
AcDbMText
 10
18000.82873875553
 20
2874.890694347087
 30
0
210
0
220
0
230
1
 11
1
 21
0
 31
0
 40
201.6777193524165
 41
3678.955039446958
 46
0
 71
     1
 72
     5
  1
SUPPLY FROM BUILDING RISER
  7
SLD-TXT
 73
     1
 44
1
101
Embedded Object
 70
     1
 10
18000.82873875553
 20
2874.890694347087
 30
0
 11
1
 21
0
 31
0
 40
3678.955039446958
 41
0
 42
201.6777193524166
 43
3529.360088667288
 71
     0
  0
LINE
  5
67E
330
1F
100
AcDbEntity
  8
SLD-LINE
  6
ByBlock
100
AcDbLine
 10
14180.2036087103
 20
12465.63310458644
 30
0
 11
14181.12055854737
 21
12863.16041024857
 31
0
  0
INSERT
  5
67F
330
1F
100
AcDbEntity
  8
E-SLD-LEGENDF
  6
ByBlock
100
AcDbBlockReference
  2
RCCB
 10
14182.61805970357
 20
11841.60180047753
 30
0
 41
1.043890447483075
 42
1.043890447483075
 43
1.043890447483075
  0
LINE
  5
680
330
1F
100
AcDbEntity
  8
TXT
 62
     7
100
AcDbLine
 10
14183.06412220282
 20
11841.60372698595
 30
0
 11
14182.59962463153
 21
11532.30644633548
 31
0
  0
INSERT
  5
682
330
1F
100
AcDbEntity
  8
SLD
370
    -3
100
AcDbBlockReference
  2
MCCB
 10
14186.34530215452
 20
10908.33372911989
 30
0
 41
1.043890447483075
 42
1.043890447483075
 43
1.043890447483075
  0
LINE
  5
684
330
1F
100
AcDbEntity
  8
TXT
 62
     7
100
AcDbLine
 10
14186.84038746708
 20
10908.33610235875
 30
0
 11
14190.33122168412
 21
10544.23009735532
 31
0
  0
MTEXT
  5
685
330
1F
100
AcDbEntity
  8
SLD-TXT
100
AcDbMText
 10
13433.38832777877
 20
12409.87071094902
 30
0
210
0
220
0
230
1
 11
1
 21
0
 31
0
 40
175
 41
2442.691011147613
 46
0
 71
     1
 72
     5
  1
{\W0.6;63A 4P\PRCCB \P(30mA)}
  7
SLD-TXT
 73
     1
 44
0.8108108108108109
101
Embedded Object
 70
     1
 10
13433.38832777877
 20
12409.87071094902
 30
0
 11
1
 21
0
 31
0
 40
2442.691011147613
 41
0
 42
739.6396396396397
 43
565
 71
     0
  0
MTEXT
  5
686
330
1F
100
AcDbEntity
  8
SLD-TXT
100
AcDbMText
 10
13433.21601568321
 20
11546.63005238698
 30
0
210
0
220
0
230
1
 11
1
 21
0
 31
0
 40
175
 41
669.591574404039
 46
0
 71
     1
 72
     5
  1
{\W0.65;63A\PTPN\PTYPE B \PMCB}
  7
SLD-TXT
 73
     1
 44
0.8333333333333333
101
Embedded Object
 70
     1
 10
13433.21601568321
 20
11546.63005238698
 30
0
 11
1
 21
0
 31
0
 40
669.591574404039
 41
0
 42
904.1666666666666
 43
606.6666666666666
 71
     0
  0
LINE
  5
689
330
1F
100
AcDbEntity
  8
SLD-LINE
100
AcDbLine
 10
7980.96728635456
 20
12863.16041024857
 30
0
 11
7980.96728635456
 21
13679.44483454681
 31
0
  0
INSERT
  5
68A
330
1F
100
AcDbEntity
  8
SLD
370
    -3
100
AcDbBlockReference
  2
MCCB
 10
7980.96728635456
 20
13679.44483454681
 30
0
 41
1.043890447483075
 42
1.043890447483075
 43
1.043890447483075
  0
LEADER
  5
68B
330
1F
100
AcDbEntity
  8
SLD-TXT
100
AcDbLeader
  3
A
 71
     0
 73
     3
 72
     0
 74
     1
 40
0
 41
0
 76
     2
 10
8205.872390555207
 20
13991.49126373055
 30
0
 10
7545.937021859154
 20
13991.49126373055
 30
0
210
0
220
0
230
1
211
1
221
0
231
0
212
0
222
0
232
0
340
0
1001
ACAD
1000
DSTYLE
1002
{
1070
    41
1040
175
1070
   147
1040
0.09
1070
    77
1070
     0
1002
}
  0
TEXT
  5
68C
330
1F
100
AcDbEntity
  8
SLD-TXT
100
AcDbText
 10
7516.068387282477
 20
13087.01297431492
 30
0
 40
170.5866118394128
  1
RL1
 50
90
 41
0.6
  7
SLD-TXT
 11
0
 21
0
 31
0
100
AcDbText
  0
TEXT
  5
68D
330
1F
100
AcDbEntity
  8
SLD-TXT
100
AcDbText
 10
8242.828222800705
 20
13087.01297431492
 30
0
 40
170.5866118394128
  1
RL2
 50
90
 41
0.6
  7
SLD-TXT
 11
0
 21
0
 31
0
100
AcDbText
  0
LINE
  5
68E
330
1F
100
AcDbEntity
  8
SLD-LINE
100
AcDbLine
 10
8707.727121872787
 20
12863.16041024857
 30
0
 11
8707.727121872787
 21
13679.44483454681
 31
0
  0
INSERT
  5
68F
330
1F
100
AcDbEntity
  8
SLD
370
    -3
100
AcDbBlockReference
  2
MCCB
 10
8707.727121872787
 20
13679.44483454681
 30
0
 41
1.043890447483075
 42
1.043890447483075
 43
1.043890447483075
  0
LEADER
  5
690
330
1F
100
AcDbEntity
  8
SLD-TXT
100
AcDbLeader
  3
A
 71
     0
 73
     3
 72
     0
 74
     1
 40
0
 41
0
 76
     2
 10
8932.632226073434
 20
13991.49126373055
 30
0
 10
8272.696857377381
 20
13991.49126373055
 30
0
210
0
220
0
230
1
211
1
221
0
231
0
212
0
222
0
232
0
340
0
1001
ACAD
1000
DSTYLE
1002
{
1070
    41
1040
175
1070
   147
1040
0.09
1070
    77
1070
     0
1002
}
  0
TEXT
  5
691
330
1F
100
AcDbEntity
  8
SLD-TXT
100
AcDbText
 10
8969.588058318961
 20
13087.01297431492
 30
0
 40
170.5866118394128
  1
RL3
 50
90
 41
0.6
  7
SLD-TXT
 11
0
 21
0
 31
0
100
AcDbText
  0
LINE
  5
694
330
1F
100
AcDbEntity
  8
SLD-LINE
100
AcDbLine
 10
7254.207450836304
 20
12863.16041024857
 30
0
 11
7254.207450836304
 21
13679.44483454675
 31
0
  0
INSERT
  5
695
330
1F
100
AcDbEntity
  8
SLD
370
    -3
100
AcDbBlockReference
  2
MCCB
 10
7254.207450836304
 20
13679.44483454675
 30
0
 41
1.043890447483075
 42
1.043890447483075
 43
1.043890447483075
  0
MTEXT
  5
696
330
1F
100
AcDbEntity
  8
SLD-TXT
100
AcDbMText
 10
6734.934489803785
 20
14463.44281909165
 30
0
210
0
220
0
230
1
 11
1
 21
0
 31
0
 40
175
 41
669.591574404039
 46
0
 71
     1
 72
     5
  1
{\W0.65;10A \PSPN\PMCB\P6kA}
  7
SLD-TXT
 73
     1
 44
0.8333333333333333
101
Embedded Object
 70
     1
 10
6734.934489803785
 20
14463.44281909165
 30
0
 11
1
 21
0
 31
0
 40
669.591574404039
 41
0
 42
904.1666666666667
 43
319.5833333333334
 71
     0
  0
LEADER
  5
697
330
1F
100
AcDbEntity
  8
SLD-TXT
100
AcDbLeader
  3
A
 71
     0
 73
     3
 72
     0
 74
     1
 40
0
 41
0
 76
     2
 10
7479.112555036951
 20
13991.49126373049
 30
0
 10
7078.583337588865
 20
13991.49126373049
 30
0
210
0
220
0
230
1
211
1
221
0
231
0
212
0
222
0
232
0
340
0
1001
ACAD
1000
DSTYLE
1002
{
1070
    41
1040
175
1070
   147
1040
0.09
1070
    77
1070
     0
1002
}
  0
LINE
  5
698
330
1F
100
AcDbEntity
  8
SLD-LINE
100
AcDbLine
 10
10451.13597733641
 20
12863.16041024857
 30
0
 11
10451.13597733641
 21
13679.44483454681
 31
0
  0
INSERT
  5
699
330
1F
100
AcDbEntity
  8
SLD
370
    -3
100
AcDbBlockReference
  2
MCCB
 10
10451.13597733641
 20
13679.44483454681
 30
0
 41
1.043890447483075
 42
1.043890447483075
 43
1.043890447483075
  0
LEADER
  5
69A
330
1F
100
AcDbEntity
  8
SLD-TXT
100
AcDbLeader
  3
A
 71
     0
 73
     3
 72
     0
 74
     1
 40
0
 41
0
 76
     2
 10
10676.04108153706
 20
13991.49126373055
 30
0
 10
10016.105712841
 20
13991.49126373055
 30
0
210
0
220
0
230
1
211
1
221
0
231
0
212
0
222
0
232
0
340
0
1001
ACAD
1000
DSTYLE
1002
{
1070
    41
1040
175
1070
   147
1040
0.09
1070
    77
1070
     0
1002
}
  0
TEXT
  5
69B
330
1F
100
AcDbEntity
  8
SLD-TXT
100
AcDbText
 10
9986.237078264327
 20
13087.01297431492
 30
0
 40
170.5866118394128
  1
RS1
 50
90
 41
0.6
  7
SLD-TXT
 11
0
 21
0
 31
0
100
AcDbText
  0
TEXT
  5
69C
330
1F
100
AcDbEntity
  8
SLD-TXT
100
AcDbText
 10
10712.99691378255
 20
13087.01297431492
 30
0
 40
170.5866118394128
  1
RS2
 50
90
 41
0.6
  7
SLD-TXT
 11
0
 21
0
 31
0
100
AcDbText
  0
LINE
  5
6A3
330
1F
100
AcDbEntity
  8
SLD-LINE
100
AcDbLine
 10
9724.376141818153
 20
12863.16041024857
 30
0
 11
9724.376141818153
 21
13679.44483454675
 31
0
  0
INSERT
  5
6A4
330
1F
100
AcDbEntity
  8
SLD
370
    -3
100
AcDbBlockReference
  2
MCCB
 10
9724.376141818153
 20
13679.44483454675
 30
0
 41
1.043890447483075
 42
1.043890447483075
 43
1.043890447483075
  0
LEADER
  5
6A5
330
1F
100
AcDbEntity
  8
SLD-TXT
100
AcDbLeader
  3
A
 71
     0
 73
     3
 72
     0
 74
     1
 40
0
 41
0
 76
     2
 10
9949.2812460188
 20
13991.49126373049
 30
0
 10
9538.592395177897
 20
13991.49126373049
 30
0
210
0
220
0
230
1
211
1
221
0
231
0
212
0
222
0
232
0
340
0
1001
ACAD
1000
DSTYLE
1002
{
1070
    41
1040
175
1070
   147
1040
0.09
1070
    77
1070
     0
1002
}
  0
LWPOLYLINE
  5
6A6
330
1F
100
AcDbEntity
  8
SLD
100
AcDbPolyline
 90
        2
 70
     0
 43
33.01676358182182
 43
33.01676358182182
 10
7098.386847633683
 20
12863.16041024857
 10
23117.09186446387
 20
12863.16041024857
  0
LINE
  5
6ED
330
1F
100
AcDbEntity
  8
SLD-LINE
  6
ByBlock
100
AcDbLine
 10
7979.984704462528
 20
14303.50078830621
 30
0
 11
7982.58343009415
 21
17738.13623363909
 31
0
  0
LINE
  5
6EE
330
1F
100
AcDbEntity
  8
SLD-LINE
  6
ByBlock
100
AcDbLine
 10
8709.343265612377
 20
14305.19326146519
 30
0
 11
8709.343265612377
 21
17747.55295649485
 31
0
  0
LINE
  5
6EF
330
1F
100
AcDbEntity
  8
SLD-LINE
  6
ByBlock
100
AcDbLine
 10
7253.44304583335
 20
14303.50105771929
 30
0
 11
7255.823594575893
 21
17744.92107081733
 31
0
  0
TEXT
  5
6F0
330
1F
100
AcDbEntity
  8
SLD-TXT
100
AcDbText
 10
7339.839416787814
 20
18113.22698298832
 30
0
 40
175
  1
3 Nos LIGHTING POINTS
 50
90
 41
0.7
  7
SLD-TXT
 11
0
 21
0
 31
0
100
AcDbText
  0
LINE
  5
6F1
330
1F
100
AcDbEntity
  8
SLD
 62
     7
100
AcDbLine
 10
6571.039306529943
 20
18245.30754632066
 30
0
 11
6571.039306529943
 21
16330.44284134652
 31
0
  0
TEXT
  5
6F2
330
1F
100
AcDbEntity
  8
SLD-TXT
100
AcDbText
 10
6819.649965048331
 20
18657.36701414938
 30
0
 40
175
  1
1.5sqmm CPC IN METAL TRUNKING/ CONDUIT 
 50
90
 41
0.65
  7
SLD-TXT
 11
0
 21
0
 31
0
100
AcDbText
  0
TEXT
  5
6F3
330
1F
100
AcDbEntity
  8
SLD-TXT
100
AcDbText
 10
6568.327473151876
 20
18663.98826213053
 30
0
 40
175
  1
2 x 1.5sqmm PVC CABLE +
 50
90
 41
0.65
  7
SLD-TXT
 11
0
 21
0
 31
0
100
AcDbText
  0
LINE
  5
6F4
330
1F
100
AcDbEntity
  8
SLD
 62
     7
100
AcDbLine
 10
17262.78709397085
 20
16329.37823259633
 30
0
 11
6571.039306529943
 21
16330.44284134652
 31
0
  0
LWPOLYLINE
  5
6F5
330
1F
100
AcDbEntity
  8
SLD-TXT
100
AcDbPolyline
 90
        2
 70
     0
 43
33.1062399058918
 43
33.1062399058918
 10
7185.593621922686
 20
16260.21415924581
 10
7326.051502345013
 20
16400.67203966808
  0
LWPOLYLINE
  5
6F6
330
1F
100
AcDbEntity
  8
SLD-TXT
100
AcDbPolyline
 90
        2
 70
     0
 43
33.1062399058918
 43
33.1062399058918
 10
7912.353457440942
 20
16260.21415924581
 10
8052.81133786327
 20
16400.67203966808
  0
LWPOLYLINE
  5
6F7
330
1F
100
AcDbEntity
  8
SLD-TXT
100
AcDbPolyline
 90
        2
 70
     0
 43
33.1062399058918
 43
33.1062399058918
 10
8639.113292959169
 20
16260.21415924581
 10
8779.571173381497
 20
16400.67203966808
  0
LINE
  5
6F8
330
1F
100
AcDbEntity
  8
SLD-LINE
  6
ByBlock
100
AcDbLine
 10
9725.992285557742
 20
14305.19326146513
 30
0
 11
9725.992285557742
 21
17750.04508805106
 31
0
  0
TEXT
  5
6F9
330
1F
100
AcDbEntity
  8
SLD-TXT
100
AcDbText
 10
8069.506057521474
 20
18113.22698298837
 30
0
 40
175
  1
3 Nos LIGHTING POINTS
 50
90
 41
0.7
  7
SLD-TXT
 11
0
 21
0
 31
0
100
AcDbText
  0
TEXT
  5
6FA
330
1F
100
AcDbEntity
  8
SLD-TXT
100
AcDbText
 10
8796.265893039701
 20
18113.22698298837
 30
0
 40
175
  1
3 Nos LIGHTING POINTS
 50
90
 41
0.7
  7
SLD-TXT
 11
0
 21
0
 31
0
100
AcDbText
  0
TEXT
  5
6FB
330
1F
100
AcDbEntity
  8
SLD-TXT
100
AcDbText
 10
10539.67474850332
 20
18113.22698298837
 30
0
 40
175
  1
3  Nos 13A DOUBLE S/S/O
 50
90
 41
0.7
  7
SLD-TXT
 11
0
 21
0
 31
0
100
AcDbText
  0
LWPOLYLINE
  5
6FC
330
1F
100
AcDbEntity
  8
SLD-TXT
100
AcDbPolyline
 90
        2
 70
     0
 43
33.1062399058918
 43
33.1062399058918
 10
9655.762312904535
 20
15829.90108251359
 10
9796.220193326862
 20
15970.35896293586
  0
LINE
  5
6FD
330
1F
100
AcDbEntity
  8
SLD-LINE
  6
ByBlock
100
AcDbLine
 10
10452.752121076
 20
14305.19326146519
 30
0
 11
10452.752121076
 21
17742.62820158887
 31
0
  0
LWPOLYLINE
  5
6FF
330
1F
100
AcDbEntity
  8
SLD-TXT
100
AcDbPolyline
 90
        2
 70
     0
 43
33.1062399058918
 43
33.1062399058918
 10
10382.52214842279
 20
15829.90108251365
 10
10522.98002884512
 20
15970.35896293592
  0
MTEXT
  5
735
330
1F
100
AcDbEntity
  8
SLD-TXT
100
AcDbMText
 10
7062.202012430575
 20
12695.19523368844
 30
0
210
0
220
0
230
1
 11
1
 21
0
 31
0
 40
175
 41
1255.7336509064
 46
0
 71
     1
 72
     5
  1
{\W0.6;100A BUSBAR}
  7
SLD-TXT
 73
     1
 44
0.8108108108108109
101
Embedded Object
 70
     1
 10
7062.202012430575
 20
12695.19523368844
 30
0
 11
1
 21
0
 31
0
 40
1255.7336509064
 41
0
 42
175.0000000000001
 43
1065
 71
     0
  0
LWPOLYLINE
  5
748
102
{ACAD_REACTORS
330
74B
102
}
330
1F
100
AcDbEntity
  8
0
 48
100
100
AcDbPolyline
 90
        4
 70
     1
 43
0
 10
17006.67979360605
 20
10330.13003269713
 10
17435.51816440793
 20
10330.13003269713
 10
17435.51816440793
 20
10724.83058143281
 10
17006.67979360605
 20
10724.83058143281
  0
MULTILEADER
  5
749
102
{ACAD_REACTORS
330
74B
102
}
102
{ACAD_XDICTIONARY
360
74A
102
}
330
1F
100
AcDbEntity
  8
0
 48
100
160
         452
310
C4010000170000000C00000016000000000000C00C00000033000000000000000C00000013000000993A00000C00000033000000000000000C00000010000000000000000C00000016000000000000C00C00000012000000FF7F00000C00000013000000010000000C00000014000000010000005400000007000000030000
310
00DAA4DCBF63E6D040446A6EBF7C2DC5400000000000000000001E631B74CED040490D7E506AF2C44000000000000000007C8E323D84DBD040B6BC8601D239C54000000000000000000C00000014000000010000000C00000013000000891300003C0000000600000002000000AB9987FEF3E0D0407D937A60A733C5400000
310
0000000000008017F2BD9603D140091559E1CBADC54000000000000000000C00000013000000112700003C00000006000000020000008017F2BD9603D140091559E1CBADC54000000000000000008017F2BD9605D140091559E1CBADC54000000000000000000C00000016000000000000C00C00000012000000FF7F00000C
310
00000017000000000000000C000000130000009A3A00000C00000016000000000000C00C00000012000000FF7F00000C00000017000000FFFFFFFF0C0000003300000000000000
100
AcDbMLeader
270
     2
300
CONTEXT_DATA{
 40
1
 10
17430.35534336371
 20
11099.5928145745
 30
0
 41
150
140
150
145
2
174
     1
175
     1
176
     0
177
     0
290
     1
304

 11
0
 21
0
 31
1
340
11
 12
17432.35534336371
 22
11174.5928145745
 32
0
 13
1
 23
0
 33
0
 42
0
 43
0
 44
0
 45
1
170
     1
 90
-1073741824
171
     1
172
     5
 91
-1073741824
141
0
 92
        0
291
     0
292
     0
173
     0
293
     0
142
0
143
0
294
     0
295
     0
296
     0
110
17209.8141715806
120
10724.83058143281
130
0
111
1
121
0
131
0
112
0
122
1
132
0
297
     0
302
LEADER{
290
     1
291
     1
 10
17422.35534336371
 20
11099.5928145745
 30
0
 11
1
 21
0
 31
0
 90
        0
 40
8
304
LEADER_LINE{
 10
17209.8141715806
 20
10724.83058143281
 30
0
 91
        0
170
     1
 92
-1056964608
340
0
171
    -2
 40
0
341
0
 93
        0
271
     0
305
}
303
}
273
     9
272
     9
301
}
340
12E
 90
   345600
170
     1
 91
-1056964608
341
14
171
    -2
290
     1
291
     1
 41
8
 42
150
172
     2
343
11
173
     1
 95
        1
174
     1
175
     0
 92
-1056964608
292
     0
 93
-1056964608
 10
1
 20
1
 30
1
 43
0
176
     0
293
     0
271
     0
273
    32
272
  4786
295
     1
  0
MTEXT
  5
74C
330
1F
100
AcDbEntity
  8
SLD-TXT
100
AcDbMText
 10
17541.93789966281
 20
11213.96045265105
 30
0
210
0
220
0
230
1
 11
1
 21
0
 31
0
 40
175
 41
2542.712643933715
 46
0
 71
     1
 72
     5
  1
{\W0.65;100A BI CONNECTOR}
  7
SLD-TXT
 73
     1
 44
0.8333333333333333
101
Embedded Object
 70
     1
 10
17541.93789966281
 20
11213.96045265105
 30
0
 11
1
 21
0
 31
0
 40
2542.712643933715
 41
0
 42
175.0000000000001
 43
1765.833333333334
 71
     0
  0
LINE
  5
75B
330
1F
100
AcDbEntity
  8
0
100
AcDbLine
 10
17266.3014144756
 20
8473.769864157621
 30
0
 11
17193.57905624669
 21
8474.493972199714
 31
0
  0
LINE
  5
75C
330
1F
100
AcDbEntity
  8
0
100
AcDbLine
 10
17266.76863779959
 20
8380.72841536023
 30
0
 11
17193.91141560016
 21
8380.72841536023
 31
0
  0
ARC
  5
75D
330
1F
100
AcDbEntity
  8
0
100
AcDbCircle
 10
17209.76917946681
 20
8404.226740983824
 30
0
 40
28.34854461806798
100
AcDbArc
 50
124.0133093309079
 51
235.9866906690921
  0
ARC
  5
75E
330
1F
100
AcDbEntity
  8
0
100
AcDbCircle
 10
17209.76917946681
 20
8451.223392231004
 30
0
 40
28.34854461806798
100
AcDbArc
 50
124.0133093309079
 51
235.9866906690921
  0
LINE
  5
75F
330
1F
100
AcDbEntity
  8
E-SLD-FRAME
  6
CENTER
 48
50
 62
     7
100
AcDbLine
 10
18823.33956841187
 20
8427.725066607407
 30
0
 11
17193.91141560015
 21
8427.725066607407
 31
0
  0
LWPOLYLINE
  5
762
330
1F
100
AcDbEntity
  8
0
100
AcDbPolyline
 90
        4
 70
     1
 43
0
 10
18823.33956841187
 20
8601.176639387759
 10
19490.43643475481
 20
8601.176639387759
 10
19490.43643475481
 20
8233.187854442334
 10
18823.33956841187
 20
8233.187854442334
  0
MTEXT
  5
763
330
1F
100
AcDbEntity
  8
SLD-TXT
100
AcDbMText
 10
19002.14885462103
 20
8492.520803346189
 30
0
210
0
220
0
230
1
 11
1
 21
0
 31
0
 40
175
 41
1154.373814716353
 46
0
 71
     1
 72
     5
  1
{\W0.65;KWH}
  7
SLD-TXT
 73
     1
 44
0.8333333333333333
101
Embedded Object
 70
     1
 10
19002.14885462103
 20
8492.520803346189
 30
0
 11
1
 21
0
 31
0
 40
1154.373814716353
 41
0
 42
175
 43
319.5833333333333
 71
     0
  0
MTEXT
  5
764
330
1F
100
AcDbEntity
  8
SLD-TXT
100
AcDbMText
 10
19550.95345598336
 20
8609.727022096653
 30
0
210
0
220
0
230
1
 11
1
 21
0
 31
0
 40
175
 41
1082.53326712831
 46
0
 71
     1
 72
     5
  1
{\W0.65;SPPG\PKWH METER}
  7
SLD-TXT
 73
     1
 44
0.8333333333333333
101
Embedded Object
 70
     1
 10
19550.95345598336
 20
8609.727022096653
 30
0
 11
1
 21
0
 31
0
 40
1082.53326712831
 41
0
 42
418.0555555555556
 43
975
 71
     0
  0
LINE
  5
765
330
1F
100
AcDbEntity
  8
E-SLD-FRAME
  6
CENTER
 48
50
 62
     7
100
AcDbLine
 10
19160.35975172518
 20
7794.359778118555
 30
0
 11
19160.41030375689
 21
8233.187854442334
 31
0
  0
LINE
  5
766
330
1F
100
AcDbEntity
  8
E-SLD-FRAME
  6
CENTER
 48
50
 62
     7
100
AcDbLine
 10
17782.07123675734
 20
7787.215885064633
 30
0
 11
19160.35975172518
 21
7794.359778118555
 31
0
  0
LINE
  5
767
330
1F
100
AcDbEntity
  8
E-SLD-FRAME
  6
CENTER
 48
50
 62
     7
100
AcDbLine
 10
17223.04777178814
 20
7794.142870903016
 30
0
 11
17782.07123675734
 21
7787.215885064633
 31
0
  0
LINE
  5
799
330
1F
100
AcDbEntity
  8
0
 48
100
100
AcDbLine
 10
28897.73421055956
 20
6456.842218080972
 30
0
 11
29297.73421055956
 21
6456.842218080972
 31
0
  0
MTEXT
  5
8F7
330
1F
100
AcDbEntity
  8
SLD-TXT
100
AcDbMText
 10
9184.394029131618
 20
14418.80236755264
 30
0
210
0
220
0
230
1
 11
1
 21
0
 31
0
 40
175
 41
669.591574404039
 46
0
 71
     1
 72
     5
  1
{\W0.65;20A \PSPN\PMCB\P6kA}
  7
SLD-TXT
 73
     1
 44
0.8333333333333333
101
Embedded Object
 70
     1
 10
9184.394029131618
 20
14418.80236755264
 30
0
 11
1
 21
0
 31
0
 40
669.591574404039
 41
0
 42
904.1666666666667
 43
319.5833333333334
 71
     0
  0
TEXT
  5
8F8
330
1F
100
AcDbEntity
  8
SLD-TXT
100
AcDbText
 10
9812.914912985067
 20
18113.22698298832
 30
0
 40
175
  1
2  Nos 13A DOUBLE S/S/O
 50
90
 41
0.7
  7
SLD-TXT
 11
0
 21
0
 31
0
100
AcDbText
  0
TEXT
  5
8F9
330
1F
100
AcDbEntity
  8
SLD-TXT
100
AcDbText
 10
6003.714017027785
 20
18657.36701414938
 30
0
 40
175
  1
2.5sqmm CPC IN METAL TRUNKING/ CONDUIT 
 50
90
 41
0.65
  7
SLD-TXT
 11
0
 21
0
 31
0
100
AcDbText
  0
TEXT
  5
8FA
330
1F
100
AcDbEntity
  8
SLD-TXT
100
AcDbText
 10
5752.39152513133
 20
18663.98826213053
 30
0
 40
175
  1
2 x 2.5sqmm PVC CABLE +
 50
90
 41
0.65
  7
SLD-TXT
 11
0
 21
0
 31
0
100
AcDbText
  0
LINE
  5
8FB
330
1F
100
AcDbEntity
  8
SLD
 62
     7
100
AcDbLine
 10
5784.595683525695
 20
18248.34922714735
 30
0
 11
5784.595683525695
 21
15900.13105516683
 31
0
  0
LINE
  5
8FC
330
1F
100
AcDbEntity
  8
0
100
AcDbLine
 10
5784.595683525695
 20
15900.13105516683
 30
0
 11
13036.9386953805
 21
15900.13105516677
 31
0
  0
TEXT
  5
8FD
330
1F
100
AcDbEntity
  8
SLD-TXT
100
AcDbText
 10
12326.56703183247
 20
13087.01297431492
 30
0
 40
170.5866118394128
  1
YL1
 50
90
 41
0.6
  7
SLD-TXT
 11
0
 21
0
 31
0
100
AcDbText
  0
LINE
  5
8FE
330
1F
100
AcDbEntity
  8
SLD-LINE
100
AcDbLine
 10
12064.7060953863
 20
12863.16041024857
 30
0
 11
12064.7060953863
 21
13679.44483454675
 31
0
  0
INSERT
  5
8FF
330
1F
100
AcDbEntity
  8
SLD
370
    -3
100
AcDbBlockReference
  2
MCCB
 10
12064.7060953863
 20
13679.44483454675
 30
0
 41
1.043890447483075
 42
1.043890447483075
 43
1.043890447483075
  0
MTEXT
  5
900
330
1F
100
AcDbEntity
  8
SLD-TXT
100
AcDbMText
 10
11545.43313435378
 20
14463.44281909165
 30
0
210
0
220
0
230
1
 11
1
 21
0
 31
0
 40
175
 41
669.591574404039
 46
0
 71
     1
 72
     5
  1
{\W0.65;10A \PSPN\PMCB\P6kA}
  7
SLD-TXT
 73
     1
 44
0.8333333333333333
101
Embedded Object
 70
     1
 10
11545.43313435378
 20
14463.44281909165
 30
0
 11
1
 21
0
 31
0
 40
669.591574404039
 41
0
 42
904.1666666666667
 43
319.5833333333334
 71
     0
  0
LEADER
  5
901
330
1F
100
AcDbEntity
  8
SLD-TXT
100
AcDbLeader
  3
A
 71
     0
 73
     3
 72
     0
 74
     1
 40
0
 41
0
 76
     2
 10
12289.61119958694
 20
13991.49126373049
 30
0
 10
11889.08198213886
 20
13991.49126373049
 30
0
210
0
220
0
230
1
211
1
221
0
231
0
212
0
222
0
232
0
340
0
1001
ACAD
1000
DSTYLE
1002
{
1070
    41
1040
175
1070
   147
1040
0.09
1070
    77
1070
     0
1002
}
  0
LINE
  5
902
330
1F
100
AcDbEntity
  8
SLD-LINE
  6
ByBlock
100
AcDbLine
 10
12063.94169038334
 20
14303.50105771929
 30
0
 11
12066.32223912589
 21
17747.78557948378
 31
0
  0
TEXT
  5
903
330
1F
100
AcDbEntity
  8
SLD-TXT
100
AcDbText
 10
12150.33806133781
 20
18113.22698298832
 30
0
 40
175
  1
3 Nos LIGHTING POINTS
 50
90
 41
0.7
  7
SLD-TXT
 11
0
 21
0
 31
0
100
AcDbText
  0
LWPOLYLINE
  5
904
330
1F
100
AcDbEntity
  8
SLD-TXT
100
AcDbPolyline
 90
        2
 70
     0
 43
33.1062399058918
 43
33.1062399058918
 10
11996.09226647268
 20
16260.21415924581
 10
12136.55014689501
 20
16400.67203966808
  0
TEXT
  5
905
330
1F
100
AcDbEntity
  8
SLD-TXT
100
AcDbText
 10
13297.18348808709
 20
13087.01297431492
 30
0
 40
170.5866118394128
  1
YS1
 50
90
 41
0.6
  7
SLD-TXT
 11
0
 21
0
 31
0
100
AcDbText
  0
LINE
  5
906
330
1F
100
AcDbEntity
  8
SLD-LINE
100
AcDbLine
 10
13035.32255164091
 20
12863.16041024857
 30
0
 11
13035.32255164091
 21
13679.44483454675
 31
0
  0
INSERT
  5
907
330
1F
100
AcDbEntity
  8
SLD
370
    -3
100
AcDbBlockReference
  2
MCCB
 10
13035.32255164091
 20
13679.44483454675
 30
0
 41
1.043890447483075
 42
1.043890447483075
 43
1.043890447483075
  0
LEADER
  5
908
330
1F
100
AcDbEntity
  8
SLD-TXT
100
AcDbLeader
  3
A
 71
     0
 73
     3
 72
     0
 74
     1
 40
0
 41
0
 76
     2
 10
13260.22765584156
 20
13991.49126373049
 30
0
 10
12849.53880500066
 20
13991.49126373049
 30
0
210
0
220
0
230
1
211
1
221
0
231
0
212
0
222
0
232
0
340
0
1001
ACAD
1000
DSTYLE
1002
{
1070
    41
1040
175
1070
   147
1040
0.09
1070
    77
1070
     0
1002
}
  0
LINE
  5
909
330
1F
100
AcDbEntity
  8
SLD-LINE
  6
ByBlock
100
AcDbLine
 10
13036.9386953805
 20
14305.19326146513
 30
0
 11
13036.9386953805
 21
17742.84098850901
 31
0
  0
LWPOLYLINE
  5
90A
330
1F
100
AcDbEntity
  8
SLD-TXT
100
AcDbPolyline
 90
        2
 70
     0
 43
33.1062399058918
 43
33.1062399058918
 10
12966.7087227273
 20
15829.90108251359
 10
13107.16660314962
 20
15970.35896293586
  0
MTEXT
  5
90B
330
1F
100
AcDbEntity
  8
SLD-TXT
100
AcDbMText
 10
12495.34043895438
 20
14418.80236755264
 30
0
210
0
220
0
230
1
 11
1
 21
0
 31
0
 40
175
 41
669.591574404039
 46
0
 71
     1
 72
     5
  1
{\W0.65;20A \PSPN\PMCB\P6kA}
  7
SLD-TXT
 73
     1
 44
0.8333333333333333
101
Embedded Object
 70
     1
 10
12495.34043895438
 20
14418.80236755264
 30
0
 11
1
 21
0
 31
0
 40
669.591574404039
 41
0
 42
904.1666666666667
 43
319.5833333333334
 71
     0
  0
TEXT
  5
90C
330
1F
100
AcDbEntity
  8
SLD-TXT
100
AcDbText
 10
13123.86132280783
 20
18113.22698298832
 30
0
 40
175
  1
2 Nos 13A DOUBLE S/S/O
 50
90
 41
0.7
  7
SLD-TXT
 11
0
 21
0
 31
0
100
AcDbText
  0
TEXT
  5
90D
330
1F
100
AcDbEntity
  8
SLD-TXT
100
AcDbText
 10
14267.79994434171
 20
13087.01297431492
 30
0
 40
170.5866118394128
  1
YISO1
 50
90
 41
0.6
  7
SLD-TXT
 11
0
 21
0
 31
0
100
AcDbText
  0
LINE
  5
90E
330
1F
100
AcDbEntity
  8
SLD-LINE
100
AcDbLine
 10
14005.93900789553
 20
12863.16041024857
 30
0
 11
14005.93900789553
 21
13679.44483454675
 31
0
  0
INSERT
  5
90F
330
1F
100
AcDbEntity
  8
SLD
370
    -3
100
AcDbBlockReference
  2
MCCB
 10
14005.93900789553
 20
13679.44483454675
 30
0
 41
1.043890447483075
 42
1.043890447483075
 43
1.043890447483075
  0
LEADER
  5
910
330
1F
100
AcDbEntity
  8
SLD-TXT
100
AcDbLeader
  3
A
 71
     0
 73
     3
 72
     0
 74
     1
 40
0
 41
0
 76
     2
 10
14230.84411209618
 20
13991.49126373049
 30
0
 10
13820.15526125528
 20
13991.49126373049
 30
0
210
0
220
0
230
1
211
1
221
0
231
0
212
0
222
0
232
0
340
0
1001
ACAD
1000
DSTYLE
1002
{
1070
    41
1040
175
1070
   147
1040
0.09
1070
    77
1070
     0
1002
}
  0
LINE
  5
911
330
1F
100
AcDbEntity
  8
SLD-LINE
  6
ByBlock
100
AcDbLine
 10
14007.55515163512
 20
14305.19326146513
 30
0
 11
14007.55515163512
 21
17752.73017045861
 31
0
  0
LWPOLYLINE
  5
912
330
1F
100
AcDbEntity
  8
SLD-TXT
100
AcDbPolyline
 90
        2
 70
     0
 43
33.1062399058918
 43
33.1062399058918
 10
13937.32517898192
 20
16688.54634627767
 10
14077.78305940424
 20
16829.00422669994
  0
MTEXT
  5
913
330
1F
100
AcDbEntity
  8
SLD-TXT
100
AcDbMText
 10
13465.956895209
 20
14418.80236755264
 30
0
210
0
220
0
230
1
 11
1
 21
0
 31
0
 40
175
 41
669.591574404039
 46
0
 71
     1
 72
     5
  1
{\W0.65;32A \PSPN\PMCB\P6kA}
  7
SLD-TXT
 73
     1
 44
0.8333333333333333
101
Embedded Object
 70
     1
 10
13465.956895209
 20
14418.80236755264
 30
0
 11
1
 21
0
 31
0
 40
669.591574404039
 41
0
 42
904.1666666666667
 43
319.5833333333334
 71
     0
  0
TEXT
  5
914
330
1F
100
AcDbEntity
  8
SLD-TXT
100
AcDbText
 10
14094.47777906245
 20
18113.22698298832
 30
0
 40
175
  1
1 No. 32A DP ISOLATOR
 50
90
 41
0.7
  7
SLD-TXT
 11
0
 21
0
 31
0
100
AcDbText
  0
TEXT
  5
915
330
1F
100
AcDbEntity
  8
SLD-TXT
100
AcDbText
 10
15238.41640059632
 20
13087.01297431492
 30
0
 40
170.5866118394128
  1
YH3
 50
90
 41
0.6
  7
SLD-TXT
 11
0
 21
0
 31
0
100
AcDbText
  0
LINE
  5
916
330
1F
100
AcDbEntity
  8
SLD-LINE
100
AcDbLine
 10
14976.55546415015
 20
12863.16041024857
 30
0
 11
14976.55546415015
 21
13679.44483454675
 31
0
  0
INSERT
  5
917
330
1F
100
AcDbEntity
  8
SLD
370
    -3
100
AcDbBlockReference
  2
MCCB
 10
14976.55546415015
 20
13679.44483454675
 30
0
 41
1.043890447483075
 42
1.043890447483075
 43
1.043890447483075
  0
LEADER
  5
918
330
1F
100
AcDbEntity
  8
SLD-TXT
100
AcDbLeader
  3
A
 71
     0
 73
     3
 72
     0
 74
     1
 40
0
 41
0
 76
     2
 10
15201.4605683508
 20
13991.49126373049
 30
0
 10
14790.7717175099
 20
13991.49126373049
 30
0
210
0
220
0
230
1
211
1
221
0
231
0
212
0
222
0
232
0
340
0
1001
ACAD
1000
DSTYLE
1002
{
1070
    41
1040
175
1070
   147
1040
0.09
1070
    77
1070
     0
1002
}
  0
LINE
  5
919
330
1F
100
AcDbEntity
  8
SLD-LINE
  6
ByBlock
100
AcDbLine
 10
14978.17160788974
 20
14305.19326146513
 30
0
 11
14978.17160788974
 21
17742.83783277078
 31
0
  0
LWPOLYLINE
  5
91A
330
1F
100
AcDbEntity
  8
SLD-TXT
100
AcDbPolyline
 90
        2
 70
     0
 43
33.1062399058918
 43
33.1062399058918
 10
14907.94163523653
 20
17124.44486038559
 10
15048.39951565886
 20
17264.90274080785
  0
MTEXT
  5
91B
330
1F
100
AcDbEntity
  8
SLD-TXT
100
AcDbMText
 10
14436.57335146362
 20
14418.80236755264
 30
0
210
0
220
0
230
1
 11
1
 21
0
 31
0
 40
175
 41
669.591574404039
 46
0
 71
     1
 72
     5
  1
{\W0.65;20A \PSPN\PMCB\P6kA}
  7
SLD-TXT
 73
     1
 44
0.8333333333333333
101
Embedded Object
 70
     1
 10
14436.57335146362
 20
14418.80236755264
 30
0
 11
1
 21
0
 31
0
 40
669.591574404039
 41
0
 42
904.1666666666667
 43
319.5833333333334
 71
     0
  0
TEXT
  5
91C
330
1F
100
AcDbEntity
  8
SLD-TXT
100
AcDbText
 10
15065.09423531706
 20
18113.22698298832
 30
0
 40
175
  1
1 No. HEATER POINT
 50
90
 41
0.7
  7
SLD-TXT
 11
0
 21
0
 31
0
100
AcDbText
  0
INSERT
  5
91D
330
1F
100
AcDbEntity
  8
SLD
100
AcDbBlockReference
  2
DP ISOL
 10
14000.05459669285
 20
17752.73017045861
 30
0
 41
1.177325186571047
 42
1.177325186571047
 43
1.177325186571047
 50
90
  0
LINE
  5
91F
330
1F
100
AcDbEntity
  8
0
100
AcDbLine
 10
14007.55515163512
 20
16758.77631893085
 30
0
 11
20909.96859112685
 21
16758.77631893085
 31
0
  0
LINE
  5
920
330
1F
100
AcDbEntity
  8
0
100
AcDbLine
 10
14978.17160788974
 20
17194.67483303876
 30
0
 11
20086.92287592753
 21
17194.67483303876
 31
0
  0
TEXT
  5
921
330
1F
100
AcDbEntity
  8
SLD-TXT
100
AcDbText
 10
16797.33795046184
 20
13087.01297431492
 30
0
 40
170.5866118394128
  1
BL1
 50
90
 41
0.6
  7
SLD-TXT
 11
0
 21
0
 31
0
100
AcDbText
  0
LINE
  5
922
330
1F
100
AcDbEntity
  8
SLD-LINE
100
AcDbLine
 10
16535.47701401566
 20
12863.16041024857
 30
0
 11
16535.47701401566
 21
13679.44483454675
 31
0
  0
INSERT
  5
923
330
1F
100
AcDbEntity
  8
SLD
370
    -3
100
AcDbBlockReference
  2
MCCB
 10
16535.47701401566
 20
13679.44483454675
 30
0
 41
1.043890447483075
 42
1.043890447483075
 43
1.043890447483075
  0
MTEXT
  5
924
330
1F
100
AcDbEntity
  8
SLD-TXT
100
AcDbMText
 10
16016.20405298314
 20
14463.44281909165
 30
0
210
0
220
0
230
1
 11
1
 21
0
 31
0
 40
175
 41
669.591574404039
 46
0
 71
     1
 72
     5
  1
{\W0.65;10A \PSPN\PMCB\P6kA}
  7
SLD-TXT
 73
     1
 44
0.8333333333333333
101
Embedded Object
 70
     1
 10
16016.20405298314
 20
14463.44281909165
 30
0
 11
1
 21
0
 31
0
 40
669.591574404039
 41
0
 42
904.1666666666667
 43
319.5833333333334
 71
     0
  0
LEADER
  5
925
330
1F
100
AcDbEntity
  8
SLD-TXT
100
AcDbLeader
  3
A
 71
     0
 73
     3
 72
     0
 74
     1
 40
0
 41
0
 76
     2
 10
16760.38211821631
 20
13991.49126373049
 30
0
 10
16359.85290076822
 20
13991.49126373049
 30
0
210
0
220
0
230
1
211
1
221
0
231
0
212
0
222
0
232
0
340
0
1001
ACAD
1000
DSTYLE
1002
{
1070
    41
1040
175
1070
   147
1040
0.09
1070
    77
1070
     0
1002
}
  0
LINE
  5
926
330
1F
100
AcDbEntity
  8
SLD-LINE
  6
ByBlock
100
AcDbLine
 10
16534.71260901271
 20
14303.50105771929
 30
0
 11
16537.09315775525
 21
17747.78557948378
 31
0
  0
TEXT
  5
927
330
1F
100
AcDbEntity
  8
SLD-TXT
100
AcDbText
 10
16621.10897996717
 20
18113.22698298832
 30
0
 40
175
  1
3 Nos LIGHTING POINTS
 50
90
 41
0.7
  7
SLD-TXT
 11
0
 21
0
 31
0
100
AcDbText
  0
LWPOLYLINE
  5
928
330
1F
100
AcDbEntity
  8
SLD-TXT
100
AcDbPolyline
 90
        2
 70
     0
 43
33.1062399058918
 43
33.1062399058918
 10
16466.86318510204
 20
16260.21415924581
 10
16607.32106552437
 20
16400.67203966808
  0
LINE
  5
929
330
1F
100
AcDbEntity
  8
SLD-LINE
100
AcDbLine
 10
17262.23684953392
 20
12863.16041024857
 30
0
 11
17262.23684953392
 21
13679.44483454681
 31
0
  0
INSERT
  5
92A
330
1F
100
AcDbEntity
  8
SLD
370
    -3
100
AcDbBlockReference
  2
MCCB
 10
17262.23684953392
 20
13679.44483454681
 30
0
 41
1.043890447483075
 42
1.043890447483075
 43
1.043890447483075
  0
LEADER
  5
92B
330
1F
100
AcDbEntity
  8
SLD-TXT
100
AcDbLeader
  3
A
 71
     0
 73
     3
 72
     0
 74
     1
 40
0
 41
0
 76
     2
 10
17487.14195373456
 20
13991.49126373055
 30
0
 10
16827.20658503851
 20
13991.49126373055
 30
0
210
0
220
0
230
1
211
1
221
0
231
0
212
0
222
0
232
0
340
0
1001
ACAD
1000
DSTYLE
1002
{
1070
    41
1040
175
1070
   147
1040
0.09
1070
    77
1070
     0
1002
}
  0
TEXT
  5
92C
330
1F
100
AcDbEntity
  8
SLD-TXT
100
AcDbText
 10
17524.09778598006
 20
13087.01297431492
 30
0
 40
170.5866118394128
  1
BL2
 50
90
 41
0.6
  7
SLD-TXT
 11
0
 21
0
 31
0
100
AcDbText
  0
LINE
  5
92D
330
1F
100
AcDbEntity
  8
SLD-LINE
  6
ByBlock
100
AcDbLine
 10
17261.25426764189
 20
14303.50078830621
 30
0
 11
17263.85299327351
 21
17738.13623363909
 31
0
  0
LWPOLYLINE
  5
92E
330
1F
100
AcDbEntity
  8
SLD-TXT
100
AcDbPolyline
 90
        2
 70
     0
 43
33.1062399058918
 43
33.1062399058918
 10
17193.6230206203
 20
16260.21415924581
 10
17334.08090104263
 20
16400.67203966808
  0
TEXT
  5
92F
330
1F
100
AcDbEntity
  8
SLD-TXT
100
AcDbText
 10
17350.77562070083
 20
18113.22698298837
 30
0
 40
175
  1
2 Nos LIGHTING POINTS
 50
90
 41
0.7
  7
SLD-TXT
 11
0
 21
0
 31
0
100
AcDbText
  0
TEXT
  5
930
330
1F
100
AcDbEntity
  8
SLD-TXT
100
AcDbText
 10
18494.71424223471
 20
13087.01297431492
 30
0
 40
170.5866118394128
  1
BISO3
 50
90
 41
0.6
  7
SLD-TXT
 11
0
 21
0
 31
0
100
AcDbText
  0
LINE
  5
931
330
1F
100
AcDbEntity
  8
SLD-LINE
100
AcDbLine
 10
18232.85330578854
 20
12863.16041024857
 30
0
 11
18232.85330578854
 21
13679.44483454675
 31
0
  0
INSERT
  5
932
330
1F
100
AcDbEntity
  8
SLD
370
    -3
100
AcDbBlockReference
  2
MCCB
 10
18232.85330578854
 20
13679.44483454675
 30
0
 41
1.043890447483075
 42
1.043890447483075
 43
1.043890447483075
  0
LEADER
  5
933
330
1F
100
AcDbEntity
  8
SLD-TXT
100
AcDbLeader
  3
A
 71
     0
 73
     3
 72
     0
 74
     1
 40
0
 41
0
 76
     2
 10
18457.75840998918
 20
13991.49126373049
 30
0
 10
18047.06955914828
 20
13991.49126373049
 30
0
210
0
220
0
230
1
211
1
221
0
231
0
212
0
222
0
232
0
340
0
1001
ACAD
1000
DSTYLE
1002
{
1070
    41
1040
175
1070
   147
1040
0.09
1070
    77
1070
     0
1002
}
  0
LINE
  5
934
330
1F
100
AcDbEntity
  8
SLD-LINE
  6
ByBlock
100
AcDbLine
 10
18234.46944952813
 20
14305.19326146513
 30
0
 11
18234.46944952813
 21
17742.83783277078
 31
0
  0
LWPOLYLINE
  5
935
330
1F
100
AcDbEntity
  8
SLD-TXT
100
AcDbPolyline
 90
        2
 70
     0
 43
33.1062399058918
 43
33.1062399058918
 10
18164.23947687492
 20
17124.44486038559
 10
18304.69735729725
 20
17264.90274080785
  0
MTEXT
  5
936
330
1F
100
AcDbEntity
  8
SLD-TXT
100
AcDbMText
 10
17692.871193102
 20
14418.80236755264
 30
0
210
0
220
0
230
1
 11
1
 21
0
 31
0
 40
175
 41
669.591574404039
 46
0
 71
     1
 72
     5
  1
{\W0.65;20A \PSPN\PMCB\P6kA}
  7
SLD-TXT
 73
     1
 44
0.8333333333333333
101
Embedded Object
 70
     1
 10
17692.871193102
 20
14418.80236755264
 30
0
 11
1
 21
0
 31
0
 40
669.591574404039
 41
0
 42
904.1666666666667
 43
319.5833333333334
 71
     0
  0
TEXT
  5
937
330
1F
100
AcDbEntity
  8
SLD-TXT
100
AcDbText
 10
18321.39207695545
 20
18113.22698298832
 30
0
 40
175
  1
1 No. 20A DP ISOLATOR
 50
90
 41
0.7
  7
SLD-TXT
 11
0
 21
0
 31
0
100
AcDbText
  0
INSERT
  5
938
330
1F
100
AcDbEntity
  8
SLD
100
AcDbBlockReference
  2
DP ISOL
 10
18226.96889458585
 20
17742.83783277078
 30
0
 41
1.177325186571047
 42
1.177325186571047
 43
1.177325186571047
 50
90
  0
TEXT
  5
939
330
1F
100
AcDbEntity
  8
SLD-TXT
100
AcDbText
 10
19465.33069848933
 20
13087.01297431492
 30
0
 40
170.5866118394128
  1
BISO4
 50
90
 41
0.6
  7
SLD-TXT
 11
0
 21
0
 31
0
100
AcDbText
  0
LINE
  5
93A
330
1F
100
AcDbEntity
  8
SLD-LINE
100
AcDbLine
 10
19203.46976204315
 20
12863.16041024857
 30
0
 11
19203.46976204315
 21
13679.44483454675
 31
0
  0
INSERT
  5
93B
330
1F
100
AcDbEntity
  8
SLD
370
    -3
100
AcDbBlockReference
  2
MCCB
 10
19203.46976204315
 20
13679.44483454675
 30
0
 41
1.043890447483075
 42
1.043890447483075
 43
1.043890447483075
  0
LEADER
  5
93C
330
1F
100
AcDbEntity
  8
SLD-TXT
100
AcDbLeader
  3
A
 71
     0
 73
     3
 72
     0
 74
     1
 40
0
 41
0
 76
     2
 10
19428.3748662438
 20
13991.49126373049
 30
0
 10
19017.6860154029
 20
13991.49126373049
 30
0
210
0
220
0
230
1
211
1
221
0
231
0
212
0
222
0
232
0
340
0
1001
ACAD
1000
DSTYLE
1002
{
1070
    41
1040
175
1070
   147
1040
0.09
1070
    77
1070
     0
1002
}
  0
LINE
  5
93D
330
1F
100
AcDbEntity
  8
SLD-LINE
  6
ByBlock
100
AcDbLine
 10
19205.08590578274
 20
14305.19326146513
 30
0
 11
19205.08590578274
 21
17752.73017045861
 31
0
  0
LWPOLYLINE
  5
93E
330
1F
100
AcDbEntity
  8
SLD-TXT
100
AcDbPolyline
 90
        2
 70
     0
 43
33.1062399058918
 43
33.1062399058918
 10
19134.85593312954
 20
16688.54634627767
 10
19275.31381355186
 20
16829.00422669994
  0
MTEXT
  5
93F
330
1F
100
AcDbEntity
  8
SLD-TXT
100
AcDbMText
 10
18663.48764935662
 20
14418.80236755264
 30
0
210
0
220
0
230
1
 11
1
 21
0
 31
0
 40
175
 41
669.591574404039
 46
0
 71
     1
 72
     5
  1
{\W0.65;32A \PSPN\PMCB\P6kA}
  7
SLD-TXT
 73
     1
 44
0.8333333333333333
101
Embedded Object
 70
     1
 10
18663.48764935662
 20
14418.80236755264
 30
0
 11
1
 21
0
 31
0
 40
669.591574404039
 41
0
 42
904.1666666666667
 43
319.5833333333334
 71
     0
  0
TEXT
  5
940
330
1F
100
AcDbEntity
  8
SLD-TXT
100
AcDbText
 10
19292.00853321007
 20
18113.22698298832
 30
0
 40
175
  1
1 No. 32A DP ISOLATOR
 50
90
 41
0.7
  7
SLD-TXT
 11
0
 21
0
 31
0
100
AcDbText
  0
INSERT
  5
941
330
1F
100
AcDbEntity
  8
SLD
100
AcDbBlockReference
  2
DP ISOL
 10
19197.58535084047
 20
17752.73017045861
 30
0
 41
1.177325186571047
 42
1.177325186571047
 43
1.177325186571047
 50
90
  0
TEXT
  5
942
330
1F
100
AcDbEntity
  8
SLD-TXT
100
AcDbText
 10
20306.04120942962
 20
18657.36701414938
 30
0
 40
175
  1
4sqmm CPC IN METAL TRUNKING/ CONDUIT 
 50
90
 41
0.65
  7
SLD-TXT
 11
0
 21
0
 31
0
100
AcDbText
  0
TEXT
  5
943
330
1F
100
AcDbEntity
  8
SLD-TXT
100
AcDbText
 10
20054.71871753316
 20
18663.98826213053
 30
0
 40
175
  1
2 x 4sqmm PVC CABLE +
 50
90
 41
0.65
  7
SLD-TXT
 11
0
 21
0
 31
0
100
AcDbText
  0
LINE
  5
944
330
1F
100
AcDbEntity
  8
SLD
 62
     7
100
AcDbLine
 10
20086.92287592753
 20
18248.34922714735
 30
0
 11
20086.92287592753
 21
17194.67483303876
 31
0
  0
TEXT
  5
945
330
1F
100
AcDbEntity
  8
SLD-TXT
100
AcDbText
 10
21129.08692462894
 20
18657.36701414938
 30
0
 40
175
  1
6sqmm CPC IN METAL TRUNKING/ CONDUIT 
 50
90
 41
0.65
  7
SLD-TXT
 11
0
 21
0
 31
0
100
AcDbText
  0
TEXT
  5
946
330
1F
100
AcDbEntity
  8
SLD-TXT
100
AcDbText
 10
20877.76443273248
 20
18663.98826213053
 30
0
 40
175
  1
2 x 6sqmm PVC CABLE +
 50
90
 41
0.65
  7
SLD-TXT
 11
0
 21
0
 31
0
100
AcDbText
  0
LINE
  5
947
330
1F
100
AcDbEntity
  8
SLD
 62
     7
100
AcDbLine
 10
20909.96859112685
 20
18248.34922714735
 30
0
 11
20909.96859112685
 21
16758.77631893085
 31
0
  0
LINE
  5
94D
330
1F
100
AcDbEntity
  8
TXT
 48
500
 62
     7
100
AcDbLine
 10
27290.46993351418
 20
17747.66566143138
 30
0
 11
27290.17858643363
 21
11532.15988431411
 31
0
  0
INSERT
  5
94E
330
1F
100
AcDbEntity
  8
SLD
370
    -3
100
AcDbBlockReference
  2
MCCB
 10
27286.11889524359
 20
10908.33372911989
 30
0
 41
1.043890447483075
 42
1.043890447483075
 43
1.043890447483075
  0
LINE
  5
94F
330
1F
100
AcDbEntity
  8
TXT
 62
     7
100
AcDbLine
 10
27286.61398055615
 20
10908.33610235875
 30
0
 11
27290.10481477319
 21
10544.23009735532
 31
0
  0
MTEXT
  5
950
330
1F
100
AcDbEntity
  8
SLD-TXT
100
AcDbMText
 10
26532.98960877229
 20
11546.63005238699
 30
0
210
0
220
0
230
1
 11
1
 21
0
 31
0
 40
175
 41
669.591574404039
 46
0
 71
     1
 72
     5
  1
{\W0.65;40A\PTYPE C \PMCB\P10KA}
  7
SLD-TXT
 73
     1
 44
0.8333333333333333
101
Embedded Object
 70
     1
 10
26532.98960877229
 20
11546.63005238699
 30
0
 11
1
 21
0
 31
0
 40
669.591574404039
 41
0
 42
904.1666666666666
 43
606.6666666666667
 71
     0
  0
TEXT
  5
952
330
1F
100
AcDbEntity
  8
SLD-TXT
100
AcDbText
 10
27377.3925609415
 20
18373.60108306534
 30
0
 40
175
  1
DB2
 50
90
 41
0.7
  7
SLD-TXT
 11
0
 21
0
 31
0
100
AcDbText
  0
TEXT
  5
958
330
1F
100
AcDbEntity
  8
SLD-TXT
100
AcDbText
 10
22623.58655602467
 20
13031.4372684795
 30
0
 40
170.5866118394128
  1
RYBISO5
 50
90
 41
0.6
  7
SLD-TXT
 11
0
 21
0
 31
0
100
AcDbText
  0
LINE
  5
959
330
1F
100
AcDbEntity
  8
SLD-LINE
100
AcDbLine
 10
22361.7256195785
 20
12863.16041024857
 30
0
 11
22361.7256195785
 21
13679.44483454675
 31
0
  0
INSERT
  5
95A
330
1F
100
AcDbEntity
  8
SLD
370
    -3
100
AcDbBlockReference
  2
MCCB
 10
22361.7256195785
 20
13679.44483454675
 30
0
 41
1.043890447483075
 42
1.043890447483075
 43
1.043890447483075
  0
LEADER
  5
95B
330
1F
100
AcDbEntity
  8
SLD-TXT
100
AcDbLeader
  3
A
 71
     0
 73
     3
 72
     0
 74
     1
 40
0
 41
0
 76
     2
 10
22586.63072377915
 20
13991.49126373049
 30
0
 10
22175.94187293825
 20
13991.49126373049
 30
0
210
0
220
0
230
1
211
1
221
0
231
0
212
0
222
0
232
0
340
0
1001
ACAD
1000
DSTYLE
1002
{
1070
    41
1040
175
1070
   147
1040
0.09
1070
    77
1070
     0
1002
}
  0
LINE
  5
95C
330
1F
100
AcDbEntity
  8
SLD-LINE
  6
ByBlock
100
AcDbLine
 10
22363.34176331809
 20
14305.19326146513
 30
0
 11
22363.34176331809
 21
17742.83783277078
 31
0
  0
LWPOLYLINE
  5
95D
330
1F
100
AcDbEntity
  8
SLD-TXT
100
AcDbPolyline
 90
        2
 70
     0
 43
33.1062399058918
 43
33.1062399058918
 10
22293.11179066488
 20
17124.44486038559
 10
22433.56967108721
 20
17264.90274080785
  0
MTEXT
  5
95E
330
1F
100
AcDbEntity
  8
SLD-TXT
100
AcDbMText
 10
21821.74350689197
 20
14418.80236755264
 30
0
210
0
220
0
230
1
 11
1
 21
0
 31
0
 40
175
 41
669.591574404039
 46
0
 71
     1
 72
     5
  1
{\W0.65;20A \PTPN\PMCB\P6kA}
  7
SLD-TXT
 73
     1
 44
0.8333333333333333
101
Embedded Object
 70
     1
 10
21821.74350689197
 20
14418.80236755264
 30
0
 11
1
 21
0
 31
0
 40
669.591574404039
 41
0
 42
904.1666666666666
 43
319.5833333333334
 71
     0
  0
TEXT
  5
95F
330
1F
100
AcDbEntity
  8
SLD-TXT
100
AcDbText
 10
22450.26439074541
 20
18113.22698298832
 30
0
 40
175
  1
1 No. 20A TPN ISOLATOR
 50
90
 41
0.7
  7
SLD-TXT
 11
0
 21
0
 31
0
100
AcDbText
  0
TEXT
  5
960
330
1F
100
AcDbEntity
  8
SLD-TXT
100
AcDbText
 10
23484.3127358231
 20
18657.36701414938
 30
0
 40
175
  1
4sqmm CPC IN METAL TRUNKING/ CONDUIT 
 50
90
 41
0.65
  7
SLD-TXT
 11
0
 21
0
 31
0
100
AcDbText
  0
TEXT
  5
961
330
1F
100
AcDbEntity
  8
SLD-TXT
100
AcDbText
 10
23232.99024392664
 20
18663.98826213053
 30
0
 40
175
  1
4 x 4sqmm PVC CABLE +
 50
90
 41
0.65
  7
SLD-TXT
 11
0
 21
0
 31
0
100
AcDbText
  0
LINE
  5
962
330
1F
100
AcDbEntity
  8
SLD
 62
     7
100
AcDbLine
 10
23265.19440232101
 20
18248.34922714735
 30
0
 11
23265.19440232101
 21
17194.67483303876
 31
0
  0
LINE
  5
963
330
1F
100
AcDbEntity
  8
0
100
AcDbLine
 10
23265.19440232101
 20
17194.67483303876
 30
0
 11
22363.34176331809
 21
17194.67483303876
 31
0
  0
INSERT
  5
964
330
1F
100
AcDbEntity
  8
SLD
100
AcDbBlockReference
  2
DP ISOL
 10
22355.84120837581
 20
17752.73017045861
 30
0
 41
1.177325186571047
 42
1.177325186571047
 43
1.177325186571047
 50
90
  0
LINE
  5
967
330
1F
100
AcDbEntity
  8
TXT
  6
DASHED
 48
500
 62
     7
100
AcDbLine
 10
25268.15596889217
 20
17736.47637963902
 30
0
 11
25267.69147132088
 21
11532.30644633548
 31
0
  0
INSERT
  5
968
330
1F
100
AcDbEntity
  8
SLD
370
    -3
100
AcDbBlockReference
  2
MCCB
 10
25271.43714884386
 20
10908.33372911989
 30
0
 41
1.043890447483075
 42
1.043890447483075
 43
1.043890447483075
  0
LINE
  5
969
330
1F
100
AcDbEntity
  8
TXT
 62
     7
100
AcDbLine
 10
25271.93223415643
 20
10908.33610235875
 30
0
 11
25275.42306837346
 21
10544.23009735532
 31
0
  0
MTEXT
  5
96B
330
1F
100
AcDbEntity
  8
SLD-TXT
100
AcDbMText
 10
24518.30786237256
 20
11546.63005238698
 30
0
210
0
220
0
230
1
 11
1
 21
0
 31
0
 40
175
 41
669.591574404039
 46
0
 71
     1
 72
     5
  1
{\W0.65;63A\PTYPE C \PMCB\P10KA}
  7
SLD-TXT
 73
     1
 44
0.8333333333333333
101
Embedded Object
 70
     1
 10
24518.30786237256
 20
11546.63005238698
 30
0
 11
1
 21
0
 31
0
 40
669.591574404039
 41
0
 42
904.1666666666666
 43
606.6666666666667
 71
     0
  0
LWPOLYLINE
  5
97B
102
{ACAD_REACTORS
330
986
102
}
330
1F
100
AcDbEntity
  8
0
100
AcDbPolyline
 90
        4
 70
     1
 43
0
 10
26892.69026869076
 20
18086.3367213738
 10
27633.77635534636
 20
18086.3367213738
 10
27633.77635534636
 20
17747.66566143138
 10
26892.69026869076
 20
17747.66566143138
  0
LINE
  5
97C
102
{ACAD_REACTORS
330
986
102
}
330
1F
100
AcDbEntity
  8
0
100
AcDbLine
 10
26892.69026869076
 20
18086.3367213738
 30
0
 11
27633.77635534636
 21
17747.66566143138
 31
0
  0
HATCH
  5
986
330
1F
100
AcDbEntity
  8
0
100
AcDbHatch
 10
0
 20
0
 30
0
210
0
220
0
230
1
  2
SOLID
 70
     1
 71
     1
 91
        1
 92
        7
 72
     0
 73
     1
 93
        3
 10
26892.69026869076
 20
18086.3367213738
 10
26892.69026869076
 20
17747.66566143138
 10
27633.77635534636
 20
17747.66566143138
 97
        2
330
97B
330
97C
 75
     1
 76
     1
 47
4.513490351064378
 98
        1
 10
27196.6165450234
 20
17809.38919614383
1001
GradientColor1ACI
1070
     5
1001
GradientColor2ACI
1070
     2
1001
ACAD
1010
0
1020
0
1030
0
  0
LINE
  5
987
330
1F
100
AcDbEntity
  8
TXT
100
AcDbLine
 10
50320.19445502273
 20
10379.43910061526
 30
0
 11
50320.19445502273
 21
10025.18482866642
 31
0
  0
LINE
  5
988
330
1F
100
AcDbEntity
  8
TXT
 62
     5
100
AcDbLine
 10
50099.94872686097
 20
10025.18482866642
 30
0
 11
50540.44018318444
 21
10025.18482866642
 31
0
  0
LINE
  5
989
330
1F
100
AcDbEntity
  8
TXT
 62
     5
100
AcDbLine
 10
50182.54087492159
 20
9916.082166774977
 30
0
 11
50457.84803512382
 21
9916.082166774977
 31
0
  0
LINE
  5
98A
330
1F
100
AcDbEntity
  8
TXT
 62
     5
100
AcDbLine
 10
50247.92632546967
 20
9806.979504883522
 30
0
 11
50392.4625845758
 21
9806.979504883522
 31
0
  0
LWPOLYLINE
  5
98B
330
1F
100
AcDbEntity
  8
TXT
100
AcDbPolyline
 90
        2
 70
     1
 43
80.48623274853323
 43
80.48623274853323
 10
49879.95133864849
 20
10379.43910061526
 42
1
 10
49960.43757139698
 20
10379.43910061526
 42
1
  0
TEXT
  5
98C
330
1F
100
AcDbEntity
  8
TXT
100
AcDbText
 10
50618.46602597913
 20
9820.610495119618
 30
0
 40
193.5
  1
E
 41
0.7
  7
SIMPLEX
 11
0
 21
0
 31
0
100
AcDbText
1001
ACAD
1000
ACAD_MTEXT_DEFINED_HEIGHT_BEGIN
1070
    46
1040
662.3509108316973
1000
ACAD_MTEXT_DEFINED_HEIGHT_END
  0
LINE
  5
98D
330
1F
100
AcDbEntity
  8
E-SLD-FRAME
  6
CENTER
 48
500
 62
     7
100
AcDbLine
 10
49921.58031603543
 20
15534.53326092328
 30
0
 11
49920.0594617868
 21
9450.381990483029
 31
0
  0
LINE
  5
98E
330
1F
100
AcDbEntity
  8
E-SLD-FRAME
  6
CENTER
 48
500
 62
     7
100
AcDbLine
 10
49920.0594617868
 20
9450.381990483029
 30
0
 11
31781.66461181667
 21
9449.99113052451
 31
0
  0
LINE
  5
98F
330
1F
100
AcDbEntity
  8
0
 48
100
100
AcDbLine
 10
49920.19445502273
 20
10379.43910061526
 30
0
 11
50320.19445502273
 21
10379.43910061526
 31
0
  0
LINE
  5
990
330
1F
100
AcDbEntity
  8
0
100
AcDbLine
 10
39826.92530069692
 20
10271.71603048026
 30
0
 11
39826.92530069692
 21
8340.052552377399
 31
0
  0
LWPOLYLINE
  5
991
330
1F
100
AcDbEntity
  8
SLD-TXT
100
AcDbPolyline
 90
        2
 70
     0
 43
33.1062399058918
 43
33.1062399058918
 10
39756.69645134867
 20
8936.705378485976
 10
39897.154331771
 20
9077.163258908246
  0
LINE
  5
992
330
1F
100
AcDbEntity
  8
0
100
AcDbLine
 10
39826.92530069692
 20
9006.934227834196
 30
0
 11
40912.13930984157
 21
9006.934227834196
 31
0
  0
MTEXT
  5
993
330
1F
100
AcDbEntity
  8
SLD-TXT
100
AcDbMText
 10
41044.41629089277
 20
9244.380472274332
 30
0
210
0
220
0
230
1
 11
1
 21
0
 31
0
 40
175
 41
3336.281717011705
 46
0
 71
     1
 72
     5
  1
{\W0.65;4 x 16mm² PVC CABLE +\P50mm² CPC IN CABLE TRAY}
  7
SLD-TXT
 73
     1
 44
0.8333333333333333
101
Embedded Object
 70
     1
 10
41044.41629089277
 20
9244.380472274332
 30
0
 11
1
 21
0
 31
0
 40
3336.281717011705
 41
0
 42
498.2638888888888
 43
2453.75
 71
     0
  0
MTEXT
  5
994
330
1F
100
AcDbEntity
  8
SLD-TXT
 62
     7
100
AcDbMText
 10
38801.47600026894
 20
8007.341619761765
 30
0
210
0
220
0
230
1
 11
1
 21
0
 31
0
 40
201.6777193524165
 41
2397.01692495101
 46
0
 71
     1
 72
     5
  1
SUPPLY FROM MSB
  7
SLD-TXT
 73
     1
 44
1
101
Embedded Object
 70
     1
 10
38801.47600026894
 20
8007.341619761765
 30
0
 11
1
 21
0
 31
0
 40
2397.01692495101
 41
0
 42
201.6777193524166
 43
2196.846585803108
 71
     0
  0
LWPOLYLINE
  5
995
330
1F
100
AcDbEntity
  8
SLD-TXT
100
AcDbPolyline
 90
        2
 70
     0
 43
33.1062399058918
 43
33.1062399058918
 10
27220.21478366594
 20
17116.35032615381
 10
27360.67266408827
 20
17256.80820657608
  0
LINE
  5
996
330
1F
100
AcDbEntity
  8
0
100
AcDbLine
 10
27290.44363301419
 20
17186.57917550203
 30
0
 11
28375.65764215884
 21
17186.57917550203
 31
0
  0
MTEXT
  5
997
330
1F
100
AcDbEntity
  8
SLD-TXT
100
AcDbMText
 10
28070.9137471703
 20
18688.40542928081
 30
0
210
0
220
0
230
1
 11
6.123233995736766E-17
 21
1
 31
0
 40
175
 41
4156.648922184948
 46
0
 71
     1
 72
     5
  1
{\W0.65;4 x 16mm² PVC CABLE +\P50mm² CPC IN METAL TRUNKING/ CONDUIT}
  7
SLD-TXT
 73
     1
 44
0.8333333333333333
101
Embedded Object
 70
     1
 10
28070.9137471703
 20
18688.40542928081
 30
0
 11
6.123233995736766E-17
 21
1
 31
0
 40
4156.648922184948
 41
0
 42
556.5972222222222
 43
3824.166666666666
 71
     0
  0
LINE
  5
998
330
1F
100
AcDbEntity
  8
SLD
 62
     7
100
AcDbLine
 10
28375.65764215884
 20
18240.25356961062
 30
0
 11
28375.65764215884
 21
17186.57917550203
 31
0
  0
INSERT
  5
999
330
1F
100
AcDbEntity
  8
SLD
370
    -3
100
AcDbBlockReference
  2
MCCB
 10
39826.43021538436
 20
10271.7136572414
 30
0
 41
1.043890447483075
 42
1.043890447483075
 43
1.043890447483075
  0
MTEXT
  5
99A
330
1F
100
AcDbEntity
  8
SLD-TXT
100
AcDbMText
 10
39073.30092891306
 20
10910.00998050849
 30
0
210
0
220
0
230
1
 11
1
 21
0
 31
0
 40
175
 41
669.591574404039
 46
0
 71
     1
 72
     5
  1
{\W0.65;40A\PTYPE B \PMCB\P6kA}
  7
SLD-TXT
 73
     1
 44
0.8333333333333333
101
Embedded Object
 70
     1
 10
39073.30092891306
 20
10910.00998050849
 30
0
 11
1
 21
0
 31
0
 40
669.591574404039
 41
0
 42
904.1666666666666
 43
606.6666666666666
 71
     0
  0
LINE
  5
99B
330
1F
100
AcDbEntity
  8
TXT
 62
     7
100
AcDbLine
 10
39821.63457107425
 20
11259.8735320645
 30
0
 11
39825.12540529128
 21
10895.76752706107
 31
0
  0
LWPOLYLINE
  5
99C
330
1F
100
AcDbEntity
  8
SLD
100
AcDbPolyline
 90
        2
 70
     0
 43
33.01676358182182
 43
33.01676358182182
 10
32992.48178064532
 20
11259.8735320645
 10
48082.98910042533
 20
11259.8735320645
  0
LINE
  5
99D
330
1F
100
AcDbEntity
  8
SLD-LINE
  6
ByBlock
100
AcDbLine
 10
34797.71944048206
 20
12466.52093185994
 30
0
 11
34797.74419543719
 21
12864.04823752206
 31
0
  0
INSERT
  5
99E
330
1F
100
AcDbEntity
  8
E-SLD-LEGENDF
  6
ByBlock
100
AcDbBlockReference
  2
RCCB
 10
34800.13389147533
 20
11842.48962775102
 30
0
 41
1.043890447483075
 42
1.043890447483075
 43
1.043890447483075
  0
LINE
  5
99F
330
1F
100
AcDbEntity
  8
TXT
 62
     7
100
AcDbLine
 10
34800.13239048532
 20
11842.48962777283
 30
0
 11
34800.11545640329
 21
11259.8735320645
 31
0
  0
MTEXT
  5
9A0
330
1F
100
AcDbEntity
  8
SLD-TXT
100
AcDbMText
 10
34050.90415955053
 20
12410.75853822252
 30
0
210
0
220
0
230
1
 11
1
 21
0
 31
0
 40
175
 41
2442.691011147613
 46
0
 71
     1
 72
     5
  1
{\W0.6;40A 2P\PRCCB \P(30mA)}
  7
SLD-TXT
 73
     1
 44
0.8108108108108109
101
Embedded Object
 70
     1
 10
34050.90415955053
 20
12410.75853822252
 30
0
 11
1
 21
0
 31
0
 40
2442.691011147613
 41
0
 42
739.6396396396397
 43
570
 71
     0
  0
TEXT
  5
9A9
330
1F
100
AcDbEntity
  8
SLD-TXT
100
AcDbText
 10
34973.13959519308
 20
11323.4870772322
 30
0
 40
170.5866118394128
  1
L1
 41
0.6
  7
SLD-TXT
 11
0
 21
0
 31
0
100
AcDbText
  0
LINE
  5
9AA
330
1F
100
AcDbEntity
  8
SLD-LINE
  6
ByBlock
100
AcDbLine
 10
40637.73963061275
 20
12466.52093185994
 30
0
 11
40637.76438556788
 21
12864.04823752206
 31
0
  0
INSERT
  5
9AB
330
1F
100
AcDbEntity
  8
E-SLD-LEGENDF
  6
ByBlock
100
AcDbBlockReference
  2
RCCB
 10
40640.15408160602
 20
11842.48962775102
 30
0
 41
1.043890447483075
 42
1.043890447483075
 43
1.043890447483075
  0
LINE
  5
9AC
330
1F
100
AcDbEntity
  8
TXT
 62
     7
100
AcDbLine
 10
40640.15258061602
 20
11842.48962777283
 30
0
 11
40640.13564653398
 21
11259.8735320645
 31
0
  0
MTEXT
  5
9AD
330
1F
100
AcDbEntity
  8
SLD-TXT
100
AcDbMText
 10
39890.92434968121
 20
12410.75853822252
 30
0
210
0
220
0
230
1
 11
1
 21
0
 31
0
 40
175
 41
2442.691011147613
 46
0
 71
     1
 72
     5
  1
{\W0.6;40A 2P\PRCCB \P(30mA)}
  7
SLD-TXT
 73
     1
 44
0.8108108108108109
101
Embedded Object
 70
     1
 10
39890.92434968121
 20
12410.75853822252
 30
0
 11
1
 21
0
 31
0
 40
2442.691011147613
 41
0
 42
739.6396396396397
 43
570
 71
     0
  0
TEXT
  5
9AE
330
1F
100
AcDbEntity
  8
SLD-TXT
100
AcDbText
 10
40813.15978532378
 20
11323.4870772322
 30
0
 40
170.5866118394128
  1
L2
 41
0.6
  7
SLD-TXT
 11
0
 21
0
 31
0
100
AcDbText
  0
LINE
  5
9AF
330
1F
100
AcDbEntity
  8
SLD-LINE
  6
ByBlock
100
AcDbLine
 10
46641.55438431908
 20
12466.52093185994
 30
0
 11
46641.57913927421
 21
12864.04823752206
 31
0
  0
INSERT
  5
9B0
330
1F
100
AcDbEntity
  8
E-SLD-LEGENDF
  6
ByBlock
100
AcDbBlockReference
  2
RCCB
 10
46643.96883531235
 20
11842.48962775102
 30
0
 41
1.043890447483075
 42
1.043890447483075
 43
1.043890447483075
  0
LINE
  5
9B1
330
1F
100
AcDbEntity
  8
TXT
 62
     7
100
AcDbLine
 10
46643.96733432235
 20
11842.48962777283
 30
0
 11
46643.95040024031
 21
11259.8735320645
 31
0
  0
MTEXT
  5
9B2
330
1F
100
AcDbEntity
  8
SLD-TXT
100
AcDbMText
 10
45894.73910338755
 20
12410.75853822252
 30
0
210
0
220
0
230
1
 11
1
 21
0
 31
0
 40
175
 41
2442.691011147613
 46
0
 71
     1
 72
     5
  1
{\W0.6;40A 2P\PRCCB \P(30mA)}
  7
SLD-TXT
 73
     1
 44
0.8108108108108109
101
Embedded Object
 70
     1
 10
45894.73910338755
 20
12410.75853822252
 30
0
 11
1
 21
0
 31
0
 40
2442.691011147613
 41
0
 42
739.6396396396397
 43
570
 71
     0
  0
TEXT
  5
9B3
330
1F
100
AcDbEntity
  8
SLD-TXT
100
AcDbText
 10
46816.97453903011
 20
11323.4870772322
 30
0
 40
170.5866118394128
  1
L3
 41
0.6
  7
SLD-TXT
 11
0
 21
0
 31
0
100
AcDbText
  0
LWPOLYLINE
  5
9B4
330
1F
100
AcDbEntity
  8
SLD
100
AcDbPolyline
 90
        2
 70
     0
 43
33.01676358182182
 43
33.01676358182182
 10
32327.3803700011
 20
12864.04823752206
 10
37555.72912714962
 20
12864.04823752206
  0
MTEXT
  5
9B5
330
1F
100
AcDbEntity
  8
SLD-TXT
100
AcDbMText
 10
32291.19553479799
 20
12696.08306096194
 30
0
210
0
220
0
230
1
 11
1
 21
0
 31
0
 40
175
 41
1255.7336509064
 46
0
 71
     1
 72
     5
  1
{\W0.6;80A BUSBAR}
  7
SLD-TXT
 73
     1
 44
0.8108108108108109
101
Embedded Object
 70
     1
 10
32291.19553479799
 20
12696.08306096194
 30
0
 11
1
 21
0
 31
0
 40
1255.7336509064
 41
0
 42
175.0000000000001
 43
980
 71
     0
  0
TEXT
  5
9B6
330
1F
100
AcDbEntity
  8
SLD-TXT
100
AcDbText
 10
32918.08180665725
 20
13087.90080158842
 30
0
 40
170.5866118394128
  1
L1S1
 50
90
 41
0.6
  7
SLD-TXT
 11
0
 21
0
 31
0
100
AcDbText
  0
LINE
  5
9B7
330
1F
100
AcDbEntity
  8
SLD-LINE
100
AcDbLine
 10
32656.22087021108
 20
12864.04823752206
 30
0
 11
32656.22087021108
 21
13680.33266182024
 31
0
  0
INSERT
  5
9B8
330
1F
100
AcDbEntity
  8
SLD
370
    -3
100
AcDbBlockReference
  2
MCCB
 10
32656.22087021108
 20
13680.33266182024
 30
0
 41
1.043890447483075
 42
1.043890447483075
 43
1.043890447483075
  0
MTEXT
  5
9B9
330
1F
100
AcDbEntity
  8
SLD-TXT
100
AcDbMText
 10
32136.94790917856
 20
14464.33064636514
 30
0
210
0
220
0
230
1
 11
1
 21
0
 31
0
 40
175
 41
669.591574404039
 46
0
 71
     1
 72
     5
  1
{\W0.65;10A \PSPN\PMCB\P6kA}
  7
SLD-TXT
 73
     1
 44
0.8333333333333333
101
Embedded Object
 70
     1
 10
32136.94790917856
 20
14464.33064636514
 30
0
 11
1
 21
0
 31
0
 40
669.591574404039
 41
0
 42
904.1666666666667
 43
319.5833333333334
 71
     0
  0
LEADER
  5
9BA
330
1F
100
AcDbEntity
  8
SLD-TXT
100
AcDbLeader
  3
A
 71
     0
 73
     3
 72
     0
 74
     1
 40
0
 41
0
 76
     2
 10
32881.12597441173
 20
13992.37909100398
 30
0
 10
32480.59675696364
 20
13992.37909100398
 30
0
210
0
220
0
230
1
211
1
221
0
231
0
212
0
222
0
232
0
340
0
1001
ACAD
1000
DSTYLE
1002
{
1070
    41
1040
175
1070
   147
1040
0.09
1070
    77
1070
     0
1002
}
  0
LINE
  5
9BB
330
1F
100
AcDbEntity
  8
SLD-LINE
  6
ByBlock
100
AcDbLine
 10
32655.45646520812
 20
14304.38888499278
 30
0
 11
32657.83701395067
 21
17748.67340675728
 31
0
  0
TEXT
  5
9BC
330
1F
100
AcDbEntity
  8
SLD-TXT
100
AcDbText
 10
32741.85283616259
 20
18114.11481026181
 30
0
 40
175
  1
2 Nos LIGHTING POINTS
 50
90
 41
0.7
  7
SLD-TXT
 11
0
 21
0
 31
0
100
AcDbText
  0
LWPOLYLINE
  5
9BD
330
1F
100
AcDbEntity
  8
SLD-TXT
100
AcDbPolyline
 90
        2
 70
     0
 43
33.1062399058918
 43
33.1062399058918
 10
32587.60704129746
 20
16261.1019865193
 10
32728.06492171979
 20
16401.55986694157
  0
TEXT
  5
9BE
330
1F
100
AcDbEntity
  8
SLD-TXT
100
AcDbText
 10
33888.69826291187
 20
13087.90080158842
 30
0
 40
170.5866118394128
  1
L1P1
 50
90
 41
0.6
  7
SLD-TXT
 11
0
 21
0
 31
0
100
AcDbText
  0
LINE
  5
9BF
330
1F
100
AcDbEntity
  8
SLD-LINE
100
AcDbLine
 10
33626.8373264657
 20
12864.04823752206
 30
0
 11
33626.8373264657
 21
13680.33266182024
 31
0
  0
INSERT
  5
9C0
330
1F
100
AcDbEntity
  8
SLD
370
    -3
100
AcDbBlockReference
  2
MCCB
 10
33626.8373264657
 20
13680.33266182024
 30
0
 41
1.043890447483075
 42
1.043890447483075
 43
1.043890447483075
  0
LEADER
  5
9C1
330
1F
100
AcDbEntity
  8
SLD-TXT
100
AcDbLeader
  3
A
 71
     0
 73
     3
 72
     0
 74
     1
 40
0
 41
0
 76
     2
 10
33851.74243066635
 20
13992.37909100398
 30
0
 10
33441.05357982544
 20
13992.37909100398
 30
0
210
0
220
0
230
1
211
1
221
0
231
0
212
0
222
0
232
0
340
0
1001
ACAD
1000
DSTYLE
1002
{
1070
    41
1040
175
1070
   147
1040
0.09
1070
    77
1070
     0
1002
}
  0
LINE
  5
9C2
330
1F
100
AcDbEntity
  8
SLD-LINE
  6
ByBlock
100
AcDbLine
 10
33628.45347020529
 20
14306.08108873863
 30
0
 11
33628.45347020529
 21
17743.7288157825
 31
0
  0
LWPOLYLINE
  5
9C3
330
1F
100
AcDbEntity
  8
SLD-TXT
100
AcDbPolyline
 90
        2
 70
     0
 43
33.1062399058918
 43
33.1062399058918
 10
33558.22349755208
 20
15830.78890978709
 10
33698.68137797441
 20
15971.24679020936
  0
MTEXT
  5
9C4
330
1F
100
AcDbEntity
  8
SLD-TXT
100
AcDbMText
 10
33086.85521377917
 20
14419.69019482614
 30
0
210
0
220
0
230
1
 11
1
 21
0
 31
0
 40
175
 41
669.591574404039
 46
0
 71
     1
 72
     5
  1
{\W0.65;20A \PSPN\PMCB\P6kA}
  7
SLD-TXT
 73
     1
 44
0.8333333333333333
101
Embedded Object
 70
     1
 10
33086.85521377917
 20
14419.69019482614
 30
0
 11
1
 21
0
 31
0
 40
669.591574404039
 41
0
 42
904.1666666666667
 43
319.5833333333334
 71
     0
  0
TEXT
  5
9C5
330
1F
100
AcDbEntity
  8
SLD-TXT
100
AcDbText
 10
33715.37609763262
 20
18114.11481026181
 30
0
 40
175
  1
1 Nos 13A DOUBLE S/S/O
 50
90
 41
0.7
  7
SLD-TXT
 11
0
 21
0
 31
0
100
AcDbText
  0
LINE
  5
9CE
330
1F
100
AcDbEntity
  8
SLD
 62
     7
100
AcDbLine
 10
31741.26449359805
 20
18245.30754632066
 30
0
 11
31741.26449359805
 21
16330.44284134652
 31
0
  0
TEXT
  5
9CF
330
1F
100
AcDbEntity
  8
SLD-TXT
100
AcDbText
 10
31989.87515211644
 20
18657.36701414938
 30
0
 40
175
  1
1.5sqmm CPC IN METAL TRUNKING/ CONDUIT 
 50
90
 41
0.65
  7
SLD-TXT
 11
0
 21
0
 31
0
100
AcDbText
  0
TEXT
  5
9D0
330
1F
100
AcDbEntity
  8
SLD-TXT
100
AcDbText
 10
31738.55266021998
 20
18663.98826213053
 30
0
 40
175
  1
2 x 1.5sqmm PVC CABLE +
 50
90
 41
0.65
  7
SLD-TXT
 11
0
 21
0
 31
0
100
AcDbText
  0
LINE
  5
9D1
330
1F
100
AcDbEntity
  8
SLD
 62
     7
100
AcDbLine
 10
44500.69167175204
 20
16330.35167313683
 30
0
 11
31741.26449359805
 21
16330.44284134652
 31
0
  0
TEXT
  5
9D2
330
1F
100
AcDbEntity
  8
SLD-TXT
100
AcDbText
 10
31173.93920409589
 20
18657.36701414938
 30
0
 40
175
  1
2.5sqmm CPC IN METAL TRUNKING/ CONDUIT 
 50
90
 41
0.65
  7
SLD-TXT
 11
0
 21
0
 31
0
100
AcDbText
  0
TEXT
  5
9D3
330
1F
100
AcDbEntity
  8
SLD-TXT
100
AcDbText
 10
30922.61671219944
 20
18663.98826213053
 30
0
 40
175
  1
2 x 2.5sqmm PVC CABLE +
 50
90
 41
0.65
  7
SLD-TXT
 11
0
 21
0
 31
0
100
AcDbText
  0
LINE
  5
9D4
330
1F
100
AcDbEntity
  8
SLD
 62
     7
100
AcDbLine
 10
30954.8208705938
 20
18248.34922714735
 30
0
 11
30954.8208705938
 21
15900.13105516683
 31
0
  0
LINE
  5
9D5
330
1F
100
AcDbEntity
  8
0
100
AcDbLine
 10
30954.8208705938
 20
15900.13105516683
 30
0
 11
48350.41956412449
 21
15899.32593392337
 31
0
  0
LINE
  5
9D6
330
1F
100
AcDbEntity
  8
E-SLD-FRAME
  6
CENTER
 48
500
 62
     7
100
AcDbLine
 10
49921.58031603543
 20
15534.53326092328
 30
0
 11
31783.1854660653
 21
15534.14240096477
 31
0
  0
LINE
  5
9D7
330
1F
100
AcDbEntity
  8
E-SLD-FRAME
  6
CENTER
 48
500
 62
     7
100
AcDbLine
 10
31783.1854660653
 20
15534.14240096477
 30
0
 11
31781.66461181667
 21
9449.99113052451
 31
0
  0
MTEXT
  5
9D8
330
1F
100
AcDbEntity
  8
TXT
 62
     3
100
AcDbMText
 10
32471.90643497556
 20
10765.66768027272
 30
0
210
0
220
0
230
1
 11
1
 21
0
 31
0
 40
350
 41
4520.115881291042
 46
1102.568726656781
 71
     1
 72
     5
  1
\PDB 2
  7
ARIAL
 73
     1
 44
0.9267968270654926
101
Embedded Object
 70
     1
 10
32471.90643497556
 20
10765.66768027272
 30
0
 11
1
 21
0
 31
0
 40
4520.115881291042
 41
1102.568726656781
 42
892.3026966431381
 43
972.3243519781718
 71
     0
1001
ACAD
1000
ACAD_MTEXT_DEFINED_HEIGHT_BEGIN
1070
    46
1040
380.9773931342818
1000
ACAD_MTEXT_DEFINED_HEIGHT_END
  0
LINE
  5
9D9
330
1F
100
AcDbEntity
  8
SLD-LINE
100
AcDbLine
 10
34346.71793572261
 20
12863.16041024857
 30
0
 11
34346.71793572261
 21
13679.44483454681
 31
0
  0
INSERT
  5
9DA
330
1F
100
AcDbEntity
  8
SLD
370
    -3
100
AcDbBlockReference
  2
MCCB
 10
34346.71793572261
 20
13679.44483454681
 30
0
 41
1.043890447483075
 42
1.043890447483075
 43
1.043890447483075
  0
LEADER
  5
9DB
330
1F
100
AcDbEntity
  8
SLD-TXT
100
AcDbLeader
  3
A
 71
     0
 73
     3
 72
     0
 74
     1
 40
0
 41
0
 76
     2
 10
34571.62303992326
 20
13991.49126373055
 30
0
 10
33911.68767122721
 20
13991.49126373055
 30
0
210
0
220
0
230
1
211
1
221
0
231
0
212
0
222
0
232
0
340
0
1001
ACAD
1000
DSTYLE
1002
{
1070
    41
1040
175
1070
   147
1040
0.09
1070
    77
1070
     0
1002
}
  0
TEXT
  5
9DC
330
1F
100
AcDbEntity
  8
SLD-TXT
100
AcDbText
 10
34608.57887216876
 20
13087.01297431492
 30
0
 40
170.5866118394128
  1
L1P2
 50
90
 41
0.6
  7
SLD-TXT
 11
0
 21
0
 31
0
100
AcDbText
  0
LINE
  5
9DD
330
1F
100
AcDbEntity
  8
SLD-LINE
  6
ByBlock
100
AcDbLine
 10
34345.73535383058
 20
14303.50078830621
 30
0
 11
34348.33407946221
 21
17738.13623363909
 31
0
  0
LWPOLYLINE
  5
9DE
330
1F
100
AcDbEntity
  8
SLD-TXT
100
AcDbPolyline
 90
        2
 70
     0
 43
33.1062399058918
 43
33.1062399058918
 10
34277.77871916618
 20
15830.16186057285
 10
34418.2365995885
 20
15970.61974099512
  0
TEXT
  5
9DF
330
1F
100
AcDbEntity
  8
SLD-TXT
100
AcDbText
 10
34435.25670688953
 20
18113.22698298837
 30
0
 40
175
  1
2 Nos 13A DOUBLE S/S/O
 50
90
 41
0.7
  7
SLD-TXT
 11
0
 21
0
 31
0
100
AcDbText
  0
LINE
  5
9E0
330
1F
100
AcDbEntity
  8
SLD-LINE
100
AcDbLine
 10
35066.59854497953
 20
12863.16041024857
 30
0
 11
35066.59854497953
 21
13679.44483454681
 31
0
  0
INSERT
  5
9E1
330
1F
100
AcDbEntity
  8
SLD
370
    -3
100
AcDbBlockReference
  2
MCCB
 10
35066.59854497953
 20
13679.44483454681
 30
0
 41
1.043890447483075
 42
1.043890447483075
 43
1.043890447483075
  0
LEADER
  5
9E2
330
1F
100
AcDbEntity
  8
SLD-TXT
100
AcDbLeader
  3
A
 71
     0
 73
     3
 72
     0
 74
     1
 40
0
 41
0
 76
     2
 10
35291.50364918017
 20
13991.49126373055
 30
0
 10
34631.56828048412
 20
13991.49126373055
 30
0
210
0
220
0
230
1
211
1
221
0
231
0
212
0
222
0
232
0
340
0
1001
ACAD
1000
DSTYLE
1002
{
1070
    41
1040
175
1070
   147
1040
0.09
1070
    77
1070
     0
1002
}
  0
TEXT
  5
9E3
330
1F
100
AcDbEntity
  8
SLD-TXT
100
AcDbText
 10
35328.45948142567
 20
13087.01297431492
 30
0
 40
170.5866118394128
  1
L1P3
 50
90
 41
0.6
  7
SLD-TXT
 11
0
 21
0
 31
0
100
AcDbText
  0
LINE
  5
9E4
330
1F
100
AcDbEntity
  8
SLD-LINE
  6
ByBlock
100
AcDbLine
 10
35065.6159630875
 20
14303.50078830621
 30
0
 11
35068.21468871912
 21
17738.13623363909
 31
0
  0
LWPOLYLINE
  5
9E5
330
1F
100
AcDbEntity
  8
SLD-TXT
100
AcDbPolyline
 90
        2
 70
     0
 43
33.1062399058918
 43
33.1062399058918
 10
34997.65932842309
 20
15830.16186057285
 10
35138.11720884542
 20
15970.61974099512
  0
TEXT
  5
9E6
330
1F
100
AcDbEntity
  8
SLD-TXT
100
AcDbText
 10
35155.13731614644
 20
18113.22698298837
 30
0
 40
175
  1
1 Nos 13A DOUBLE S/S/O
 50
90
 41
0.7
  7
SLD-TXT
 11
0
 21
0
 31
0
100
AcDbText
  0
LINE
  5
9E7
330
1F
100
AcDbEntity
  8
SLD-LINE
100
AcDbLine
 10
35786.47915423644
 20
12863.16041024857
 30
0
 11
35786.47915423644
 21
13679.44483454681
 31
0
  0
INSERT
  5
9E8
330
1F
100
AcDbEntity
  8
SLD
370
    -3
100
AcDbBlockReference
  2
MCCB
 10
35786.47915423644
 20
13679.44483454681
 30
0
 41
1.043890447483075
 42
1.043890447483075
 43
1.043890447483075
  0
LEADER
  5
9E9
330
1F
100
AcDbEntity
  8
SLD-TXT
100
AcDbLeader
  3
A
 71
     0
 73
     3
 72
     0
 74
     1
 40
0
 41
0
 76
     2
 10
36011.38425843709
 20
13991.49126373055
 30
0
 10
35351.44888974103
 20
13991.49126373055
 30
0
210
0
220
0
230
1
211
1
221
0
231
0
212
0
222
0
232
0
340
0
1001
ACAD
1000
DSTYLE
1002
{
1070
    41
1040
175
1070
   147
1040
0.09
1070
    77
1070
     0
1002
}
  0
TEXT
  5
9EA
330
1F
100
AcDbEntity
  8
SLD-TXT
100
AcDbText
 10
36048.34009068258
 20
13087.01297431492
 30
0
 40
170.5866118394128
  1
L1P4
 50
90
 41
0.6
  7
SLD-TXT
 11
0
 21
0
 31
0
100
AcDbText
  0
LINE
  5
9EB
330
1F
100
AcDbEntity
  8
SLD-LINE
  6
ByBlock
100
AcDbLine
 10
35785.49657234441
 20
14303.50078830621
 30
0
 11
35788.09529797603
 21
17738.13623363909
 31
0
  0
LWPOLYLINE
  5
9EC
330
1F
100
AcDbEntity
  8
SLD-TXT
100
AcDbPolyline
 90
        2
 70
     0
 43
33.1062399058918
 43
33.1062399058918
 10
35717.53993768001
 20
15830.16186057285
 10
35857.99781810233
 20
15970.61974099512
  0
TEXT
  5
9ED
330
1F
100
AcDbEntity
  8
SLD-TXT
100
AcDbText
 10
35875.01792540336
 20
18113.22698298837
 30
0
 40
175
  1
1 Nos 13A DOUBLE S/S/O
 50
90
 41
0.7
  7
SLD-TXT
 11
0
 21
0
 31
0
100
AcDbText
  0
LINE
  5
9EE
330
1F
100
AcDbEntity
  8
SLD-LINE
100
AcDbLine
 10
36506.35976349335
 20
12863.16041024857
 30
0
 11
36506.35976349335
 21
13679.44483454681
 31
0
  0
INSERT
  5
9EF
330
1F
100
AcDbEntity
  8
SLD
370
    -3
100
AcDbBlockReference
  2
MCCB
 10
36506.35976349335
 20
13679.44483454681
 30
0
 41
1.043890447483075
 42
1.043890447483075
 43
1.043890447483075
  0
LEADER
  5
9F0
330
1F
100
AcDbEntity
  8
SLD-TXT
100
AcDbLeader
  3
A
 71
     0
 73
     3
 72
     0
 74
     1
 40
0
 41
0
 76
     2
 10
36731.264867694
 20
13991.49126373055
 30
0
 10
36071.32949899795
 20
13991.49126373055
 30
0
210
0
220
0
230
1
211
1
221
0
231
0
212
0
222
0
232
0
340
0
1001
ACAD
1000
DSTYLE
1002
{
1070
    41
1040
175
1070
   147
1040
0.09
1070
    77
1070
     0
1002
}
  0
TEXT
  5
9F1
330
1F
100
AcDbEntity
  8
SLD-TXT
100
AcDbText
 10
36768.2206999395
 20
13087.01297431492
 30
0
 40
170.5866118394128
  1
L1P5
 50
90
 41
0.6
  7
SLD-TXT
 11
0
 21
0
 31
0
100
AcDbText
  0
LINE
  5
9F2
330
1F
100
AcDbEntity
  8
SLD-LINE
  6
ByBlock
100
AcDbLine
 10
36505.37718160132
 20
14303.50078830621
 30
0
 11
36507.97590723295
 21
17738.13623363909
 31
0
  0
LWPOLYLINE
  5
9F3
330
1F
100
AcDbEntity
  8
SLD-TXT
100
AcDbPolyline
 90
        2
 70
     0
 43
33.1062399058918
 43
33.1062399058918
 10
36437.42054693692
 20
15830.16186057285
 10
36577.87842735925
 20
15970.61974099512
  0
TEXT
  5
9F4
330
1F
100
AcDbEntity
  8
SLD-TXT
100
AcDbText
 10
36594.89853466027
 20
18113.22698298837
 30
0
 40
175
  1
1 Nos 13A DOUBLE S/S/O
 50
90
 41
0.7
  7
SLD-TXT
 11
0
 21
0
 31
0
100
AcDbText
  0
LWPOLYLINE
  5
9F5
330
1F
100
AcDbEntity
  8
SLD
100
AcDbPolyline
 90
        2
 70
     0
 43
33.01676358182182
 43
33.01676358182182
 10
38167.40056013179
 20
12864.04823752206
 10
43395.74931728031
 20
12864.04823752206
  0
TEXT
  5
9F7
330
1F
100
AcDbEntity
  8
SLD-TXT
100
AcDbText
 10
38758.10199678794
 20
13087.90080158842
 30
0
 40
170.5866118394128
  1
L2S1
 50
90
 41
0.6
  7
SLD-TXT
 11
0
 21
0
 31
0
100
AcDbText
  0
LINE
  5
9F8
330
1F
100
AcDbEntity
  8
SLD-LINE
100
AcDbLine
 10
38496.24106034177
 20
12864.04823752206
 30
0
 11
38496.24106034177
 21
13680.33266182024
 31
0
  0
INSERT
  5
9F9
330
1F
100
AcDbEntity
  8
SLD
370
    -3
100
AcDbBlockReference
  2
MCCB
 10
38496.24106034177
 20
13680.33266182024
 30
0
 41
1.043890447483075
 42
1.043890447483075
 43
1.043890447483075
  0
MTEXT
  5
9FA
330
1F
100
AcDbEntity
  8
SLD-TXT
100
AcDbMText
 10
37976.96809930925
 20
14464.33064636514
 30
0
210
0
220
0
230
1
 11
1
 21
0
 31
0
 40
175
 41
669.591574404039
 46
0
 71
     1
 72
     5
  1
{\W0.65;10A \PSPN\PMCB\P6kA}
  7
SLD-TXT
 73
     1
 44
0.8333333333333333
101
Embedded Object
 70
     1
 10
37976.96809930925
 20
14464.33064636514
 30
0
 11
1
 21
0
 31
0
 40
669.591574404039
 41
0
 42
904.1666666666667
 43
319.5833333333334
 71
     0
  0
LEADER
  5
9FB
330
1F
100
AcDbEntity
  8
SLD-TXT
100
AcDbLeader
  3
A
 71
     0
 73
     3
 72
     0
 74
     1
 40
0
 41
0
 76
     2
 10
38721.14616454241
 20
13992.37909100398
 30
0
 10
38320.61694709433
 20
13992.37909100398
 30
0
210
0
220
0
230
1
211
1
221
0
231
0
212
0
222
0
232
0
340
0
1001
ACAD
1000
DSTYLE
1002
{
1070
    41
1040
175
1070
   147
1040
0.09
1070
    77
1070
     0
1002
}
  0
LINE
  5
9FC
330
1F
100
AcDbEntity
  8
SLD-LINE
  6
ByBlock
100
AcDbLine
 10
38495.4766553388
 20
14304.38888499278
 30
0
 11
38497.85720408135
 21
17748.67340675728
 31
0
  0
TEXT
  5
9FD
330
1F
100
AcDbEntity
  8
SLD-TXT
100
AcDbText
 10
38581.87302629327
 20
18114.11481026181
 30
0
 40
175
  1
2 Nos LIGHTING POINTS
 50
90
 41
0.7
  7
SLD-TXT
 11
0
 21
0
 31
0
100
AcDbText
  0
LWPOLYLINE
  5
9FE
330
1F
100
AcDbEntity
  8
SLD-TXT
100
AcDbPolyline
 90
        2
 70
     0
 43
33.1062399058918
 43
33.1062399058918
 10
38427.62723142815
 20
16261.1019865193
 10
38568.08511185047
 20
16401.55986694157
  0
TEXT
  5
9FF
330
1F
100
AcDbEntity
  8
SLD-TXT
100
AcDbText
 10
39728.71845304256
 20
13087.90080158842
 30
0
 40
170.5866118394128
  1
L2P1
 50
90
 41
0.6
  7
SLD-TXT
 11
0
 21
0
 31
0
100
AcDbText
  0
LINE
  5
A00
330
1F
100
AcDbEntity
  8
SLD-LINE
100
AcDbLine
 10
39466.85751659638
 20
12864.04823752206
 30
0
 11
39466.85751659638
 21
13680.33266182024
 31
0
  0
INSERT
  5
A01
330
1F
100
AcDbEntity
  8
SLD
370
    -3
100
AcDbBlockReference
  2
MCCB
 10
39466.85751659638
 20
13680.33266182024
 30
0
 41
1.043890447483075
 42
1.043890447483075
 43
1.043890447483075
  0
LEADER
  5
A02
330
1F
100
AcDbEntity
  8
SLD-TXT
100
AcDbLeader
  3
A
 71
     0
 73
     3
 72
     0
 74
     1
 40
0
 41
0
 76
     2
 10
39691.76262079703
 20
13992.37909100398
 30
0
 10
39281.07376995613
 20
13992.37909100398
 30
0
210
0
220
0
230
1
211
1
221
0
231
0
212
0
222
0
232
0
340
0
1001
ACAD
1000
DSTYLE
1002
{
1070
    41
1040
175
1070
   147
1040
0.09
1070
    77
1070
     0
1002
}
  0
LINE
  5
A03
330
1F
100
AcDbEntity
  8
SLD-LINE
  6
ByBlock
100
AcDbLine
 10
39468.47366033598
 20
14306.08108873863
 30
0
 11
39468.47366033598
 21
17743.7288157825
 31
0
  0
LWPOLYLINE
  5
A04
330
1F
100
AcDbEntity
  8
SLD-TXT
100
AcDbPolyline
 90
        2
 70
     0
 43
33.1062399058918
 43
33.1062399058918
 10
39398.24368768277
 20
15830.78890978709
 10
39538.7015681051
 20
15971.24679020936
  0
MTEXT
  5
A05
330
1F
100
AcDbEntity
  8
SLD-TXT
100
AcDbMText
 10
38926.87540390986
 20
14419.69019482614
 30
0
210
0
220
0
230
1
 11
1
 21
0
 31
0
 40
175
 41
669.591574404039
 46
0
 71
     1
 72
     5
  1
{\W0.65;20A \PSPN\PMCB\P6kA}
  7
SLD-TXT
 73
     1
 44
0.8333333333333333
101
Embedded Object
 70
     1
 10
38926.87540390986
 20
14419.69019482614
 30
0
 11
1
 21
0
 31
0
 40
669.591574404039
 41
0
 42
904.1666666666667
 43
319.5833333333334
 71
     0
  0
TEXT
  5
A06
330
1F
100
AcDbEntity
  8
SLD-TXT
100
AcDbText
 10
39555.3962877633
 20
18114.11481026181
 30
0
 40
175
  1
1 Nos 13A DOUBLE S/S/O
 50
90
 41
0.7
  7
SLD-TXT
 11
0
 21
0
 31
0
100
AcDbText
  0
LINE
  5
A07
330
1F
100
AcDbEntity
  8
SLD-LINE
100
AcDbLine
 10
40186.7381258533
 20
12863.16041024857
 30
0
 11
40186.7381258533
 21
13679.44483454681
 31
0
  0
INSERT
  5
A08
330
1F
100
AcDbEntity
  8
SLD
370
    -3
100
AcDbBlockReference
  2
MCCB
 10
40186.7381258533
 20
13679.44483454681
 30
0
 41
1.043890447483075
 42
1.043890447483075
 43
1.043890447483075
  0
LEADER
  5
A09
330
1F
100
AcDbEntity
  8
SLD-TXT
100
AcDbLeader
  3
A
 71
     0
 73
     3
 72
     0
 74
     1
 40
0
 41
0
 76
     2
 10
40411.64323005395
 20
13991.49126373055
 30
0
 10
39751.70786135789
 20
13991.49126373055
 30
0
210
0
220
0
230
1
211
1
221
0
231
0
212
0
222
0
232
0
340
0
1001
ACAD
1000
DSTYLE
1002
{
1070
    41
1040
175
1070
   147
1040
0.09
1070
    77
1070
     0
1002
}
  0
TEXT
  5
A0A
330
1F
100
AcDbEntity
  8
SLD-TXT
100
AcDbText
 10
40448.59906229944
 20
13087.01297431492
 30
0
 40
170.5866118394128
  1
L2P2
 50
90
 41
0.6
  7
SLD-TXT
 11
0
 21
0
 31
0
100
AcDbText
  0
LINE
  5
A0B
330
1F
100
AcDbEntity
  8
SLD-LINE
  6
ByBlock
100
AcDbLine
 10
40185.75554396127
 20
14303.50078830621
 30
0
 11
40188.35426959289
 21
17738.13623363909
 31
0
  0
LWPOLYLINE
  5
A0C
330
1F
100
AcDbEntity
  8
SLD-TXT
100
AcDbPolyline
 90
        2
 70
     0
 43
33.1062399058918
 43
33.1062399058918
 10
40117.79890929686
 20
15830.16186057285
 10
40258.25678971919
 20
15970.61974099512
  0
TEXT
  5
A0D
330
1F
100
AcDbEntity
  8
SLD-TXT
100
AcDbText
 10
40275.27689702022
 20
18113.22698298837
 30
0
 40
175
  1
1 Nos 13A DOUBLE S/S/O
 50
90
 41
0.7
  7
SLD-TXT
 11
0
 21
0
 31
0
100
AcDbText
  0
LINE
  5
A0E
330
1F
100
AcDbEntity
  8
SLD-LINE
100
AcDbLine
 10
40906.61873511021
 20
12863.16041024857
 30
0
 11
40906.61873511021
 21
13679.44483454681
 31
0
  0
INSERT
  5
A0F
330
1F
100
AcDbEntity
  8
SLD
370
    -3
100
AcDbBlockReference
  2
MCCB
 10
40906.61873511021
 20
13679.44483454681
 30
0
 41
1.043890447483075
 42
1.043890447483075
 43
1.043890447483075
  0
LEADER
  5
A10
330
1F
100
AcDbEntity
  8
SLD-TXT
100
AcDbLeader
  3
A
 71
     0
 73
     3
 72
     0
 74
     1
 40
0
 41
0
 76
     2
 10
41131.52383931086
 20
13991.49126373055
 30
0
 10
40471.58847061481
 20
13991.49126373055
 30
0
210
0
220
0
230
1
211
1
221
0
231
0
212
0
222
0
232
0
340
0
1001
ACAD
1000
DSTYLE
1002
{
1070
    41
1040
175
1070
   147
1040
0.09
1070
    77
1070
     0
1002
}
  0
TEXT
  5
A11
330
1F
100
AcDbEntity
  8
SLD-TXT
100
AcDbText
 10
41168.47967155636
 20
13087.01297431492
 30
0
 40
170.5866118394128
  1
L2P3
 50
90
 41
0.6
  7
SLD-TXT
 11
0
 21
0
 31
0
100
AcDbText
  0
LINE
  5
A12
330
1F
100
AcDbEntity
  8
SLD-LINE
  6
ByBlock
100
AcDbLine
 10
40905.63615321818
 20
14303.50078830621
 30
0
 11
40908.23487884981
 21
17738.13623363909
 31
0
  0
LWPOLYLINE
  5
A13
330
1F
100
AcDbEntity
  8
SLD-TXT
100
AcDbPolyline
 90
        2
 70
     0
 43
33.1062399058918
 43
33.1062399058918
 10
40837.67951855378
 20
15830.16186057285
 10
40978.13739897611
 20
15970.61974099512
  0
TEXT
  5
A14
330
1F
100
AcDbEntity
  8
SLD-TXT
100
AcDbText
 10
40995.15750627713
 20
18113.22698298837
 30
0
 40
175
  1
1 Nos 13A DOUBLE S/S/O
 50
90
 41
0.7
  7
SLD-TXT
 11
0
 21
0
 31
0
100
AcDbText
  0
LINE
  5
A15
330
1F
100
AcDbEntity
  8
SLD-LINE
100
AcDbLine
 10
41626.49934436713
 20
12863.16041024857
 30
0
 11
41626.49934436713
 21
13679.44483454681
 31
0
  0
INSERT
  5
A16
330
1F
100
AcDbEntity
  8
SLD
370
    -3
100
AcDbBlockReference
  2
MCCB
 10
41626.49934436713
 20
13679.44483454681
 30
0
 41
1.043890447483075
 42
1.043890447483075
 43
1.043890447483075
  0
LEADER
  5
A17
330
1F
100
AcDbEntity
  8
SLD-TXT
100
AcDbLeader
  3
A
 71
     0
 73
     3
 72
     0
 74
     1
 40
0
 41
0
 76
     2
 10
41851.40444856777
 20
13991.49126373055
 30
0
 10
41191.46907987172
 20
13991.49126373055
 30
0
210
0
220
0
230
1
211
1
221
0
231
0
212
0
222
0
232
0
340
0
1001
ACAD
1000
DSTYLE
1002
{
1070
    41
1040
175
1070
   147
1040
0.09
1070
    77
1070
     0
1002
}
  0
TEXT
  5
A18
330
1F
100
AcDbEntity
  8
SLD-TXT
100
AcDbText
 10
41888.36028081327
 20
13087.01297431492
 30
0
 40
170.5866118394128
  1
L2P4
 50
90
 41
0.6
  7
SLD-TXT
 11
0
 21
0
 31
0
100
AcDbText
  0
LINE
  5
A19
330
1F
100
AcDbEntity
  8
SLD-LINE
  6
ByBlock
100
AcDbLine
 10
41625.5167624751
 20
14303.50078830621
 30
0
 11
41628.11548810672
 21
17738.13623363909
 31
0
  0
LWPOLYLINE
  5
A1A
330
1F
100
AcDbEntity
  8
SLD-TXT
100
AcDbPolyline
 90
        2
 70
     0
 43
33.1062399058918
 43
33.1062399058918
 10
41557.56012781069
 20
15830.16186057285
 10
41698.01800823302
 20
15970.61974099512
  0
TEXT
  5
A1B
330
1F
100
AcDbEntity
  8
SLD-TXT
100
AcDbText
 10
41715.03811553404
 20
18113.22698298837
 30
0
 40
175
  1
1 Nos 13A DOUBLE S/S/O
 50
90
 41
0.7
  7
SLD-TXT
 11
0
 21
0
 31
0
100
AcDbText
  0
LINE
  5
A1C
330
1F
100
AcDbEntity
  8
SLD-LINE
100
AcDbLine
 10
42346.37995362404
 20
12863.16041024857
 30
0
 11
42346.37995362404
 21
13679.44483454681
 31
0
  0
INSERT
  5
A1D
330
1F
100
AcDbEntity
  8
SLD
370
    -3
100
AcDbBlockReference
  2
MCCB
 10
42346.37995362404
 20
13679.44483454681
 30
0
 41
1.043890447483075
 42
1.043890447483075
 43
1.043890447483075
  0
LEADER
  5
A1E
330
1F
100
AcDbEntity
  8
SLD-TXT
100
AcDbLeader
  3
A
 71
     0
 73
     3
 72
     0
 74
     1
 40
0
 41
0
 76
     2
 10
42571.28505782469
 20
13991.49126373055
 30
0
 10
41911.34968912863
 20
13991.49126373055
 30
0
210
0
220
0
230
1
211
1
221
0
231
0
212
0
222
0
232
0
340
0
1001
ACAD
1000
DSTYLE
1002
{
1070
    41
1040
175
1070
   147
1040
0.09
1070
    77
1070
     0
1002
}
  0
TEXT
  5
A1F
330
1F
100
AcDbEntity
  8
SLD-TXT
100
AcDbText
 10
42608.24089007018
 20
13087.01297431492
 30
0
 40
170.5866118394128
  1
L2P5
 50
90
 41
0.6
  7
SLD-TXT
 11
0
 21
0
 31
0
100
AcDbText
  0
LINE
  5
A20
330
1F
100
AcDbEntity
  8
SLD-LINE
  6
ByBlock
100
AcDbLine
 10
42345.39737173201
 20
14303.50078830621
 30
0
 11
42347.99609736363
 21
17738.13623363909
 31
0
  0
LWPOLYLINE
  5
A21
330
1F
100
AcDbEntity
  8
SLD-TXT
100
AcDbPolyline
 90
        2
 70
     0
 43
33.1062399058918
 43
33.1062399058918
 10
42277.44073706761
 20
15830.16186057285
 10
42417.89861748993
 20
15970.61974099512
  0
TEXT
  5
A22
330
1F
100
AcDbEntity
  8
SLD-TXT
100
AcDbText
 10
42434.91872479096
 20
18113.22698298837
 30
0
 40
175
  1
2 Nos 13A DOUBLE S/S/O
 50
90
 41
0.7
  7
SLD-TXT
 11
0
 21
0
 31
0
100
AcDbText
  0
LWPOLYLINE
  5
A23
330
1F
100
AcDbEntity
  8
SLD
100
AcDbPolyline
 90
        2
 70
     0
 43
33.01676358182182
 43
33.01676358182182
 10
44171.21531383813
 20
12864.04823752206
 10
49399.56407098664
 20
12864.04823752206
  0
TEXT
  5
A25
330
1F
100
AcDbEntity
  8
SLD-TXT
100
AcDbText
 10
44761.91675049427
 20
13087.90080158842
 30
0
 40
170.5866118394128
  1
L3S1
 50
90
 41
0.6
  7
SLD-TXT
 11
0
 21
0
 31
0
100
AcDbText
  0
LINE
  5
A26
330
1F
100
AcDbEntity
  8
SLD-LINE
100
AcDbLine
 10
44500.0558140481
 20
12864.04823752206
 30
0
 11
44500.0558140481
 21
13680.33266182024
 31
0
  0
INSERT
  5
A27
330
1F
100
AcDbEntity
  8
SLD
370
    -3
100
AcDbBlockReference
  2
MCCB
 10
44500.0558140481
 20
13680.33266182024
 30
0
 41
1.043890447483075
 42
1.043890447483075
 43
1.043890447483075
  0
MTEXT
  5
A28
330
1F
100
AcDbEntity
  8
SLD-TXT
100
AcDbMText
 10
43980.78285301558
 20
14464.33064636514
 30
0
210
0
220
0
230
1
 11
1
 21
0
 31
0
 40
175
 41
669.591574404039
 46
0
 71
     1
 72
     5
  1
{\W0.65;10A \PSPN\PMCB\P6kA}
  7
SLD-TXT
 73
     1
 44
0.8333333333333333
101
Embedded Object
 70
     1
 10
43980.78285301558
 20
14464.33064636514
 30
0
 11
1
 21
0
 31
0
 40
669.591574404039
 41
0
 42
904.1666666666667
 43
319.5833333333334
 71
     0
  0
LEADER
  5
A29
330
1F
100
AcDbEntity
  8
SLD-TXT
100
AcDbLeader
  3
A
 71
     0
 73
     3
 72
     0
 74
     1
 40
0
 41
0
 76
     2
 10
44724.96091824875
 20
13992.37909100398
 30
0
 10
44324.43170080066
 20
13992.37909100398
 30
0
210
0
220
0
230
1
211
1
221
0
231
0
212
0
222
0
232
0
340
0
1001
ACAD
1000
DSTYLE
1002
{
1070
    41
1040
175
1070
   147
1040
0.09
1070
    77
1070
     0
1002
}
  0
LINE
  5
A2A
330
1F
100
AcDbEntity
  8
SLD-LINE
  6
ByBlock
100
AcDbLine
 10
44499.29140904514
 20
14304.38888499278
 30
0
 11
44501.67195778769
 21
17748.67340675728
 31
0
  0
TEXT
  5
A2B
330
1F
100
AcDbEntity
  8
SLD-TXT
100
AcDbText
 10
44585.68777999961
 20
18114.11481026181
 30
0
 40
175
  1
2 Nos LIGHTING POINTS
 50
90
 41
0.7
  7
SLD-TXT
 11
0
 21
0
 31
0
100
AcDbText
  0
LWPOLYLINE
  5
A2C
330
1F
100
AcDbEntity
  8
SLD-TXT
100
AcDbPolyline
 90
        2
 70
     0
 43
33.1062399058918
 43
33.1062399058918
 10
44431.44198513448
 20
16261.1019865193
 10
44571.89986555681
 20
16401.55986694157
  0
TEXT
  5
A2D
330
1F
100
AcDbEntity
  8
SLD-TXT
100
AcDbText
 10
45732.53320674889
 20
13087.90080158842
 30
0
 40
170.5866118394128
  1
L3P1
 50
90
 41
0.6
  7
SLD-TXT
 11
0
 21
0
 31
0
100
AcDbText
  0
LINE
  5
A2E
330
1F
100
AcDbEntity
  8
SLD-LINE
100
AcDbLine
 10
45470.67227030272
 20
12864.04823752206
 30
0
 11
45470.67227030272
 21
13680.33266182024
 31
0
  0
INSERT
  5
A2F
330
1F
100
AcDbEntity
  8
SLD
370
    -3
100
AcDbBlockReference
  2
MCCB
 10
45470.67227030272
 20
13680.33266182024
 30
0
 41
1.043890447483075
 42
1.043890447483075
 43
1.043890447483075
  0
LEADER
  5
A30
330
1F
100
AcDbEntity
  8
SLD-TXT
100
AcDbLeader
  3
A
 71
     0
 73
     3
 72
     0
 74
     1
 40
0
 41
0
 76
     2
 10
45695.57737450337
 20
13992.37909100398
 30
0
 10
45284.88852366246
 20
13992.37909100398
 30
0
210
0
220
0
230
1
211
1
221
0
231
0
212
0
222
0
232
0
340
0
1001
ACAD
1000
DSTYLE
1002
{
1070
    41
1040
175
1070
   147
1040
0.09
1070
    77
1070
     0
1002
}
  0
LINE
  5
A31
330
1F
100
AcDbEntity
  8
SLD-LINE
  6
ByBlock
100
AcDbLine
 10
45472.28841404231
 20
14306.08108873863
 30
0
 11
45472.28841404231
 21
17743.7288157825
 31
0
  0
LWPOLYLINE
  5
A32
330
1F
100
AcDbEntity
  8
SLD-TXT
100
AcDbPolyline
 90
        2
 70
     0
 43
33.1062399058918
 43
33.1062399058918
 10
45402.0584413891
 20
15830.78890978709
 10
45542.51632181143
 20
15971.24679020936
  0
MTEXT
  5
A33
330
1F
100
AcDbEntity
  8
SLD-TXT
100
AcDbMText
 10
44930.69015761619
 20
14419.69019482614
 30
0
210
0
220
0
230
1
 11
1
 21
0
 31
0
 40
175
 41
669.591574404039
 46
0
 71
     1
 72
     5
  1
{\W0.65;20A \PSPN\PMCB\P6kA}
  7
SLD-TXT
 73
     1
 44
0.8333333333333333
101
Embedded Object
 70
     1
 10
44930.69015761619
 20
14419.69019482614
 30
0
 11
1
 21
0
 31
0
 40
669.591574404039
 41
0
 42
904.1666666666667
 43
319.5833333333334
 71
     0
  0
TEXT
  5
A34
330
1F
100
AcDbEntity
  8
SLD-TXT
100
AcDbText
 10
45559.21104146964
 20
18114.11481026181
 30
0
 40
175
  1
1 Nos 13A DOUBLE S/S/O
 50
90
 41
0.7
  7
SLD-TXT
 11
0
 21
0
 31
0
100
AcDbText
  0
LINE
  5
A35
330
1F
100
AcDbEntity
  8
SLD-LINE
100
AcDbLine
 10
46190.55287955963
 20
12863.16041024857
 30
0
 11
46190.55287955963
 21
13679.44483454681
 31
0
  0
INSERT
  5
A36
330
1F
100
AcDbEntity
  8
SLD
370
    -3
100
AcDbBlockReference
  2
MCCB
 10
46190.55287955963
 20
13679.44483454681
 30
0
 41
1.043890447483075
 42
1.043890447483075
 43
1.043890447483075
  0
LEADER
  5
A37
330
1F
100
AcDbEntity
  8
SLD-TXT
100
AcDbLeader
  3
A
 71
     0
 73
     3
 72
     0
 74
     1
 40
0
 41
0
 76
     2
 10
46415.45798376028
 20
13991.49126373055
 30
0
 10
45755.52261506423
 20
13991.49126373055
 30
0
210
0
220
0
230
1
211
1
221
0
231
0
212
0
222
0
232
0
340
0
1001
ACAD
1000
DSTYLE
1002
{
1070
    41
1040
175
1070
   147
1040
0.09
1070
    77
1070
     0
1002
}
  0
TEXT
  5
A38
330
1F
100
AcDbEntity
  8
SLD-TXT
100
AcDbText
 10
46452.41381600578
 20
13087.01297431492
 30
0
 40
170.5866118394128
  1
L3P2
 50
90
 41
0.6
  7
SLD-TXT
 11
0
 21
0
 31
0
100
AcDbText
  0
LINE
  5
A39
330
1F
100
AcDbEntity
  8
SLD-LINE
  6
ByBlock
100
AcDbLine
 10
46189.5702976676
 20
14303.50078830621
 30
0
 11
46192.16902329923
 21
17738.13623363909
 31
0
  0
LWPOLYLINE
  5
A3A
330
1F
100
AcDbEntity
  8
SLD-TXT
100
AcDbPolyline
 90
        2
 70
     0
 43
33.1062399058918
 43
33.1062399058918
 10
46121.6136630032
 20
15830.16186057285
 10
46262.07154342553
 20
15970.61974099512
  0
TEXT
  5
A3B
330
1F
100
AcDbEntity
  8
SLD-TXT
100
AcDbText
 10
46279.09165072655
 20
18113.22698298837
 30
0
 40
175
  1
2 Nos 13A DOUBLE S/S/O
 50
90
 41
0.7
  7
SLD-TXT
 11
0
 21
0
 31
0
100
AcDbText
  0
LINE
  5
A3C
330
1F
100
AcDbEntity
  8
SLD-LINE
100
AcDbLine
 10
46910.43348881655
 20
12863.16041024857
 30
0
 11
46910.43348881655
 21
13679.44483454681
 31
0
  0
INSERT
  5
A3D
330
1F
100
AcDbEntity
  8
SLD
370
    -3
100
AcDbBlockReference
  2
MCCB
 10
46910.43348881655
 20
13679.44483454681
 30
0
 41
1.043890447483075
 42
1.043890447483075
 43
1.043890447483075
  0
LEADER
  5
A3E
330
1F
100
AcDbEntity
  8
SLD-TXT
100
AcDbLeader
  3
A
 71
     0
 73
     3
 72
     0
 74
     1
 40
0
 41
0
 76
     2
 10
47135.33859301719
 20
13991.49126373055
 30
0
 10
46475.40322432114
 20
13991.49126373055
 30
0
210
0
220
0
230
1
211
1
221
0
231
0
212
0
222
0
232
0
340
0
1001
ACAD
1000
DSTYLE
1002
{
1070
    41
1040
175
1070
   147
1040
0.09
1070
    77
1070
     0
1002
}
  0
TEXT
  5
A3F
330
1F
100
AcDbEntity
  8
SLD-TXT
100
AcDbText
 10
47172.29442526269
 20
13087.01297431492
 30
0
 40
170.5866118394128
  1
L3P3
 50
90
 41
0.6
  7
SLD-TXT
 11
0
 21
0
 31
0
100
AcDbText
  0
LINE
  5
A40
330
1F
100
AcDbEntity
  8
SLD-LINE
  6
ByBlock
100
AcDbLine
 10
46909.45090692452
 20
14303.50078830621
 30
0
 11
46912.04963255614
 21
17738.13623363909
 31
0
  0
LWPOLYLINE
  5
A41
330
1F
100
AcDbEntity
  8
SLD-TXT
100
AcDbPolyline
 90
        2
 70
     0
 43
33.1062399058918
 43
33.1062399058918
 10
46841.49427226011
 20
15830.16186057285
 10
46981.95215268244
 20
15970.61974099512
  0
TEXT
  5
A42
330
1F
100
AcDbEntity
  8
SLD-TXT
100
AcDbText
 10
46998.97225998346
 20
18113.22698298837
 30
0
 40
175
  1
1 Nos 13A DOUBLE S/S/O
 50
90
 41
0.7
  7
SLD-TXT
 11
0
 21
0
 31
0
100
AcDbText
  0
LINE
  5
A43
330
1F
100
AcDbEntity
  8
SLD-LINE
100
AcDbLine
 10
47630.31409807346
 20
12863.16041024857
 30
0
 11
47630.31409807346
 21
13679.44483454681
 31
0
  0
INSERT
  5
A44
330
1F
100
AcDbEntity
  8
SLD
370
    -3
100
AcDbBlockReference
  2
MCCB
 10
47630.31409807346
 20
13679.44483454681
 30
0
 41
1.043890447483075
 42
1.043890447483075
 43
1.043890447483075
  0
LEADER
  5
A45
330
1F
100
AcDbEntity
  8
SLD-TXT
100
AcDbLeader
  3
A
 71
     0
 73
     3
 72
     0
 74
     1
 40
0
 41
0
 76
     2
 10
47855.21920227411
 20
13991.49126373055
 30
0
 10
47195.28383357805
 20
13991.49126373055
 30
0
210
0
220
0
230
1
211
1
221
0
231
0
212
0
222
0
232
0
340
0
1001
ACAD
1000
DSTYLE
1002
{
1070
    41
1040
175
1070
   147
1040
0.09
1070
    77
1070
     0
1002
}
  0
TEXT
  5
A46
330
1F
100
AcDbEntity
  8
SLD-TXT
100
AcDbText
 10
47892.17503451961
 20
13087.01297431492
 30
0
 40
170.5866118394128
  1
L3P4
 50
90
 41
0.6
  7
SLD-TXT
 11
0
 21
0
 31
0
100
AcDbText
  0
LINE
  5
A47
330
1F
100
AcDbEntity
  8
SLD-LINE
  6
ByBlock
100
AcDbLine
 10
47629.33151618143
 20
14303.50078830621
 30
0
 11
47631.93024181305
 21
17738.13623363909
 31
0
  0
LWPOLYLINE
  5
A48
330
1F
100
AcDbEntity
  8
SLD-TXT
100
AcDbPolyline
 90
        2
 70
     0
 43
33.1062399058918
 43
33.1062399058918
 10
47561.37488151703
 20
15830.16186057285
 10
47701.83276193935
 20
15970.61974099512
  0
TEXT
  5
A49
330
1F
100
AcDbEntity
  8
SLD-TXT
100
AcDbText
 10
47718.85286924038
 20
18113.22698298837
 30
0
 40
175
  1
1 Nos 13A DOUBLE S/S/O
 50
90
 41
0.7
  7
SLD-TXT
 11
0
 21
0
 31
0
100
AcDbText
  0
LINE
  5
A4A
330
1F
100
AcDbEntity
  8
SLD-LINE
100
AcDbLine
 10
48350.19470733037
 20
12863.16041024857
 30
0
 11
48350.19470733037
 21
13679.44483454681
 31
0
  0
INSERT
  5
A4B
330
1F
100
AcDbEntity
  8
SLD
370
    -3
100
AcDbBlockReference
  2
MCCB
 10
48350.19470733037
 20
13679.44483454681
 30
0
 41
1.043890447483075
 42
1.043890447483075
 43
1.043890447483075
  0
LEADER
  5
A4C
330
1F
100
AcDbEntity
  8
SLD-TXT
100
AcDbLeader
  3
A
 71
     0
 73
     3
 72
     0
 74
     1
 40
0
 41
0
 76
     2
 10
48575.09981153102
 20
13991.49126373055
 30
0
 10
47915.16444283497
 20
13991.49126373055
 30
0
210
0
220
0
230
1
211
1
221
0
231
0
212
0
222
0
232
0
340
0
1001
ACAD
1000
DSTYLE
1002
{
1070
    41
1040
175
1070
   147
1040
0.09
1070
    77
1070
     0
1002
}
  0
TEXT
  5
A4D
330
1F
100
AcDbEntity
  8
SLD-TXT
100
AcDbText
 10
48612.05564377652
 20
13087.01297431492
 30
0
 40
170.5866118394128
  1
L3P5
 50
90
 41
0.6
  7
SLD-TXT
 11
0
 21
0
 31
0
100
AcDbText
  0
LINE
  5
A4E
330
1F
100
AcDbEntity
  8
SLD-LINE
  6
ByBlock
100
AcDbLine
 10
48349.21212543835
 20
14303.50078830621
 30
0
 11
48351.81085106997
 21
17738.13623363909
 31
0
  0
LWPOLYLINE
  5
A4F
330
1F
100
AcDbEntity
  8
SLD-TXT
100
AcDbPolyline
 90
        2
 70
     0
 43
33.1062399058918
 43
33.1062399058918
 10
48281.25549077394
 20
15830.16186057285
 10
48421.71337119627
 20
15970.61974099512
  0
TEXT
  5
A50
330
1F
100
AcDbEntity
  8
SLD-TXT
100
AcDbText
 10
48438.73347849729
 20
18113.22698298837
 30
0
 40
175
  1
1 Nos 13A DOUBLE S/S/O
 50
90
 41
0.7
  7
SLD-TXT
 11
0
 21
0
 31
0
100
AcDbText
  0
TEXT
  5
B3F
330
1F
100
AcDbEntity
  8
SLD-TXT
100
AcDbText
 10
25355.07859631949
 20
18111.5671289883
 30
0
 40
175
  1
SPARE
 50
90
 41
0.7
  7
SLD-TXT
 11
0
 21
0
 31
0
100
AcDbText
  0
MTEXT
  5
B40
330
1F
100
AcDbEntity
  8
SLD-TXT
100
AcDbMText
 10
38131.21572492868
 20
12696.08306096194
 30
0
210
0
220
0
230
1
 11
1
 21
0
 31
0
 40
175
 41
1255.7336509064
 46
0
 71
     1
 72
     5
  1
{\W0.6;80A BUSBAR}
  7
SLD-TXT
 73
     1
 44
0.8108108108108109
101
Embedded Object
 70
     1
 10
38131.21572492868
 20
12696.08306096194
 30
0
 11
1
 21
0
 31
0
 40
1255.7336509064
 41
0
 42
175.0000000000001
 43
980
 71
     0
  0
MTEXT
  5
B41
330
1F
100
AcDbEntity
  8
SLD-TXT
100
AcDbMText
 10
44135.03047863502
 20
12696.08306096194
 30
0
210
0
220
0
230
1
 11
1
 21
0
 31
0
 40
175
 41
1255.7336509064
 46
0
 71
     1
 72
     5
  1
{\W0.6;80A BUSBAR}
  7
SLD-TXT
 73
     1
 44
0.8108108108108109
101
Embedded Object
 70
     1
 10
44135.03047863502
 20
12696.08306096194
 30
0
 11
1
 21
0
 31
0
 40
1255.7336509064
 41
0
 42
175.0000000000001
 43
980
 71
     0
  0
VIEWPORT
  5
A5A
102
{ACAD_XDICTIONARY
360
A5B
102
}
330
D2
100
AcDbEntity
 67
     1
  8
0
100
AcDbViewport
 10
200.8695058895432
 20
67.69267194233015
 30
0
 40
506.310431856487
 41
220.9411754159593
 68
     1
 69
     1
 12
200.8695058895432
 22
67.69267194233015
 13
0
 23
0
 14
10
 24
10
 15
10
 25
10
 16
0
 26
0
 36
1
 17
0
 27
0
 37
0
 42
50
 43
0
 44
0
 45
220.9411754159593
 50
0
 51
0
 72
  1000
 90
   819232
  1

281
     0
 71
     1
 74
     0
110
0
120
0
130
0
111
1
121
0
131
0
112
0
122
1
132
0
 79
     0
146
0
170
     0
 61
     5
348
F5
292
     1
282
     1
141
0
142
0
 63
   250
421
3258135347
340
0
345
0
346
0
332
0
333
0
361
0
  0
VIEWPORT
  5
A5E
102
{ACAD_XDICTIONARY
360
A5F
102
}
330
D2
100
AcDbEntity
 67
     1
  8
0
100
AcDbViewport
 10
202.4234273822362
 20
145.1676489370849
 30
0
 40
403.8207934531992
 41
221.6968147376199
 68
     1
 69
     1
 12
28019.98499392159
 22
12835.91600771301
 13
0
 23
0
 14
10
 24
10
 15
10
 25
10
 16
0
 26
0
 36
1
 17
0
 27
0
 37
0
 42
50
 43
0
 44
0
 45
25964.976224407
 50
0
 51
0
 72
  1000
 90
   819296
  1

281
     0
 71
     1
 74
     0
110
0
120
0
130
0
111
1
121
0
131
0
112
0
122
1
132
0
 79
     0
146
0
170
     0
 61
     5
348
F5
292
     1
282
     1
141
0
142
0
 63
   250
421
3258135347
340
0
345
0
346
0
332
0
333
0
361
0
  0
LINE
  5
AB3
330
D2
100
AcDbEntity
 67
     1
  8
0
 62
     7
100
AcDbLine
 10
0.5130306556366122
 20
0.7247303804375633
 30
0
 11
404.3338241088358
 21
0.7247303804375633
 31
0
  0
LINE
  5
AB4
330
D2
100
AcDbEntity
 67
     1
  8
0
 62
     7
100
AcDbLine
 10
0.5130306556366122
 20
34.31924156827493
 30
0
 11
404.3338241088358
 21
34.31924156827493
 31
0
  0
LINE
  5
AB5
330
D2
100
AcDbEntity
 67
     1
  8
0
 62
     7
100
AcDbLine
 10
261.1893232791686
 20
34.31924156827493
 30
0
 11
261.1893232791686
 21
0.7247303804375633
 31
0
  0
TEXT
  5
AB6
330
D2
100
AcDbEntity
 67
     1
  8
TXT
 62
     7
100
AcDbText
 10
262.6292078935799
 20
29.9085428024917
 30
0
 40
2.399607941988626
  1
LEW :
 41
0.8
  7
SIMPLEX
 11
0
 21
0
 31
0
100
AcDbText
  0
TEXT
  5
AB7
330
D2
100
AcDbEntity
 67
     1
  8
TXT
 62
     7
100
AcDbText
 10
197.3775306716985
 20
30.26729963117824
 30
0
 40
2.399607941988626
  1
DRAWING TITLE :
 41
0.8
  7
SIMPLEX
 11
0
 21
0
 31
0
100
AcDbText
  0
LINE
  5
AB8
330
D2
100
AcDbEntity
 67
     1
  8
0
 62
     7
100
AcDbLine
 10
333.2726019726196
 20
34.31924156827493
 30
0
 11
333.2726019726196
 21
0.7247303804375633
 31
0
  0
TEXT
  5
AB9
330
D2
100
AcDbEntity
 67
     1
  8
TXT
 62
     7
100
AcDbText
 10
335.5393898682524
 20
29.9085428024917
 30
0
 40
2.399607941988626
  1
CHECKED :
 41
0.8
  7
SIMPLEX
 11
0
 21
0
 31
0
100
AcDbText
  0
LINE
  5
ABA
330
D2
100
AcDbEntity
 67
     1
  8
TXT
 62
     7
100
AcDbLine
 10
333.2726019726196
 20
17.52198597435875
 30
0
 11
404.3338241088358
 21
17.52198597435875
 31
0
  0
LINE
  5
ABB
330
D2
100
AcDbEntity
 67
     1
  8
0
 62
     7
100
AcDbLine
 10
366.6919743965382
 20
34.31924156827493
 30
0
 11
366.6919743965382
 21
17.52198597435875
 31
0
  0
TEXT
  5
ABC
330
D2
100
AcDbEntity
 67
     1
  8
TXT
 62
     7
100
AcDbText
 10
368.9587622921708
 20
29.9085428024917
 30
0
 40
2.399607941988626
  1
DATE :
 41
0.8
  7
SIMPLEX
 11
0
 21
0
 31
0
100
AcDbText
  0
TEXT
  5
ABD
330
D2
100
AcDbEntity
 67
     1
  8
TXT
 62
     7
100
AcDbText
 10
335.5393898682524
 20
13.11128720857051
 30
0
 40
2.399607941988626
  1
DRAWING NO. :
 41
0.8
  7
SIMPLEX
 11
0
 21
0
 31
0
100
AcDbText
  0
TEXT
  5
ABE
330
D2
100
AcDbEntity
 67
     1
  8
TXT
 62
     7
100
AcDbText
 10
335.1282276609985
 20
4.650302845962501
 30
0
 40
3.405349306860166
  1
I2R-ETR-NLB-SLD
  7
ARIAL
 11
0
 21
0
 31
0
100
AcDbText
  0
TEXT
  5
ABF
330
D2
100
AcDbEntity
 67
     1
  8
TXT
 62
     7
100
AcDbText
 10
346.3657278058025
 20
21.44708758134965
 30
0
 40
3.359451118784077
  1
Ryan
  7
TAHOMA
 11
0
 21
0
 31
0
100
AcDbText
  0
LINE
  5
AC0
330
D2
100
AcDbEntity
 67
     1
  8
0
 62
     7
100
AcDbLine
 10
384.6199248874202
 20
17.52198597435875
 30
0
 11
384.6199248874202
 21
0.7247303804375633
 31
0
  0
TEXT
  5
AC1
330
D2
100
AcDbEntity
 67
     1
  8
TXT
 62
     7
100
AcDbText
 10
386.886712783053
 20
13.11128720857051
 30
0
 40
2.399607941988626
  1
REV :
 41
0.8
  7
SIMPLEX
 11
0
 21
0
 31
0
100
AcDbText
  0
TEXT
  5
AC2
330
D2
100
AcDbEntity
 67
     1
  8
TXT
 62
     7
100
AcDbText
 10
393.5599407124117
 20
4.242028821489303
 30
0
 40
3.839372707181802
  1
0
  7
ARIAL
 11
0
 21
0
 31
0
100
AcDbText
  0
MTEXT
  5
AC3
102
{ACAD_XDICTIONARY
360
AC4
102
}
330
D2
100
AcDbEntity
 67
     1
  8
TXT
 62
     7
100
AcDbMText
 10
188.6418957635539
 20
24.6639748848906
 30
0
210
0
220
0
230
1
 11
1
 21
0
 31
0
 40
3.492968754905753
 41
70.81054513895951
 46
16.41164563139233
 71
     1
 72
     5
  1
\pxqc;SINGLE LINE DIAGRAM\P(SLD)
  7
ARIAL
 73
     1
 44
0.975
101
Embedded Object
 70
     1
 10
188.6418957635539
 20
24.6639748848906
 30
0
 11
1
 21
0
 31
0
 40
70.81054513895951
 41
16.41164563139233
 42
10.31360973854292
 43
50.96088923639203
 71
     0
  0
LINE
  5
AC5
330
D2
100
AcDbEntity
 67
     1
  8
0
 62
     7
100
AcDbLine
 10
192.5638964249411
 20
34.31924156827493
 30
0
 11
192.5638964249411
 21
0.7247303804375633
 31
0
  0
LINE
  5
AC6
330
D2
100
AcDbEntity
 67
     1
  8
0
 62
     7
100
AcDbLine
 10
126.4121804452837
 20
34.31924156827493
 30
0
 11
126.4121804452837
 21
0.7247303804375633
 31
0
  0
TEXT
  5
AC7
330
D2
100
AcDbEntity
 67
     1
  8
TXT
 62
     7
100
AcDbText
 10
3.859959460028243
 20
30.26729963117824
 30
0
 40
2.399607941988626
  1
CLIENT / ADDRESS :
 41
0.8
  7
SIMPLEX
 11
0
 21
0
 31
0
100
AcDbText
  0
LINE
  5
AC8
330
D2
100
AcDbEntity
 67
     1
  8
0
 62
     7
100
AcDbLine
 10
0.5130306556366122
 20
34.31924156827493
 30
0
 11
0.5130306556366122
 21
0.7247303804375633
 31
0
  0
TEXT
  5
AC9
330
D2
100
AcDbEntity
 67
     1
  8
TXT
 62
     7
100
AcDbText
 10
372.3549174513531
 20
21.44708758134965
 30
0
 40
3.359451118784077
  1
5 MAR 2026
  7
TAHOMA
 11
0
 21
0
 31
0
100
AcDbText
  0
LINE
  5
ACA
330
D2
100
AcDbEntity
 67
     1
  8
0
 62
     7
100
AcDbLine
 10
62.62883281606126
 20
34.31924156827493
 30
0
 11
62.62883281606126
 21
0.7247303804375633
 31
0
  0
MTEXT
  5
ACB
330
D2
100
AcDbEntity
 67
     1
  8
0
 62
     7
100
AcDbMText
 10
10.02023891116671
 20
17.04415232888545
 30
0
210
0
220
0
230
1
 11
1
 21
0
 31
0
 40
2.606328651548433
 41
43.46423055421519
 46
0
 71
     1
 72
     5
  1
\pxqc;North Link Building #05-26\P10 Admiralty St\PSingapore 757695
  7
Standard
 73
     1
 44
1
101
Embedded Object
 70
     1
 10
10.02023891116671
 20
17.04415232888545
 30
0
 11
1
 21
0
 31
0
 40
43.46423055421519
 41
0
 42
12.19368311374729
 43
42.46573408655243
 71
     2
 72
     1
 44
43.46423055421519
 45
13.03164325774216
 73
     0
 74
     0
 46
-12.19368311374729
  0
LINE
  5
ACC
330
D2
100
AcDbEntity
 67
     1
  8
0
 62
     7
100
AcDbLine
 10
404.3338241088358
 20
34.31924156827493
 30
0
 11
404.3338241088358
 21
0.7247303804375633
 31
0
  0
MTEXT
  5
AD3
330
D2
100
AcDbEntity
 67
     1
  8
TXT
 62
     7
100
AcDbMText
 10
7.755927390584082
 20
28.42756959913817
 30
0
210
0
220
0
230
1
 11
1
 21
0
 31
0
 40
3.382068707305779
 41
47.5896848710637
 46
5.066265820592758
 71
     1
 72
     5
  1
\pxqc;{\fSimSun|b1|i0|c0|p2;\W1.1;Easytentage.com Pte Ltd}
  7
ARIAL
 73
     1
 44
1
101
Embedded Object
 70
     1
 10
7.755927390584082
 20
28.42756959913817
 30
0
 11
1
 21
0
 31
0
 40
47.5896848710637
 41
5.066265820592758
 42
9.037432681243832
 43
39.41039183765987
 71
     0
  0
ENDSEC
  0
SECTION
  2
OBJECTS
  0
DICTIONARY
  5
C
330
0
100
AcDbDictionary
281
     1
  3
ACAD_CIP_PREVIOUS_PRODUCT_INFO
350
216
  3
ACAD_COLOR
350
6B
  3
ACAD_DETAILVIEWSTYLE
350
21B
  3
ACAD_GROUP
350
D
  3
ACAD_LAST_SAVED_VERSION_INFO
350
2CA
  3
ACAD_LAYOUT
350
1A
  3
ACAD_MATERIAL
350
6A
  3
ACAD_MLEADERSTYLE
350
12D
  3
ACAD_MLINESTYLE
350
17
  3
ACAD_PLOTSETTINGS
350
19
  3
ACAD_PLOTSTYLENAME
350
E
  3
ACAD_RENDER_ACTIVE_RAPIDRT_SETTINGS
350
2C8
  3
ACAD_RENDER_RAPIDRT_SETTINGS
350
2C1
  3
ACAD_SCALELIST
350
10C
  3
ACAD_SECTIONVIEWSTYLE
350
219
  3
ACAD_TABLESTYLE
350
7E
  3
ACAD_VISUALSTYLE
350
EF
  3
ACDBVARIABLEDICTIONARY
350
A6B
  0
DICTIONARY
  5
D
102
{ACAD_REACTORS
330
C
102
}
330
C
100
AcDbDictionary
281
     1
  0
ACDBDICTIONARYWDFLT
  5
E
102
{ACAD_REACTORS
330
C
102
}
330
C
100
AcDbDictionary
281
     1
  3
Normal
350
F
100
AcDbDictionaryWithDefault
340
F
  0
ACDBPLACEHOLDER
  5
F
102
{ACAD_REACTORS
330
E
102
}
330
E
  0
DICTIONARY
  5
17
102
{ACAD_REACTORS
330
C
102
}
330
C
100
AcDbDictionary
281
     1
  3
Standard
350
18
  0
MLINESTYLE
  5
18
102
{ACAD_REACTORS
330
17
102
}
330
17
100
AcDbMlineStyle
  2
STANDARD
 70
     0
  3

 62
     0
 51
90
 52
90
 71
     2
 49
0.5
 62
     0
  6
ByLayer
 49
-0.5
 62
     0
  6
ByLayer
  0
DICTIONARY
  5
19
102
{ACAD_REACTORS
330
C
102
}
330
C
100
AcDbDictionary
281
     1
  0
DICTIONARY
  5
1A
102
{ACAD_REACTORS
330
C
102
}
330
C
100
AcDbDictionary
281
     1
  3
Layout1
350
D3
  3
Layout2
350
D7
  3
Model
350
22
  0
LAYOUT
  5
22
102
{ACAD_XDICTIONARY
360
205
102
}
102
{ACAD_REACTORS
330
1A
102
}
330
1A
100
AcDbPlotSettings
  1

  2
none_device
  4
ISO_A4_(210.00_x_297.00_MM)
  6

 40
7.5
 41
20
 42
7.5
 43
20
 44
210
 45
297
 46
11.54999923706055
 47
-13.65000009536743
 48
0
 49
0
140
0
141
0
142
1
143
8.704084754739808
 70
 11952
 72
     1
 73
     0
 74
     0
  7

 75
     0
147
0.1148885871608098
148
0
149
0
 76
     0
 77
     2
 78
   300
333
0
100
AcDbLayout
  1
Model
 70
     1
 71
     0
 10
0
 20
0
 11
12
 21
9
 12
0
 22
0
 32
0
 14
0
 24
0
 34
0
 15
0
 25
0
 35
0
146
0
 13
0
 23
0
 33
0
 16
1
 26
0
 36
0
 17
0
 27
1
 37
0
 76
     0
330
1F
331
EA
1001
ACAD_PSEXT
1000
None
1000
None
1000
Not applicable
1000
The layout will not be plotted unless a new plotter configuration name is selected.
1070
     0
  0
DICTIONARY
  5
6A
102
{ACAD_REACTORS
330
C
102
}
330
C
100
AcDbDictionary
281
     1
  3
ByBlock
350
ED
  3
ByLayer
350
EC
  3
Global
350
EE
  0
DICTIONARY
  5
6B
102
{ACAD_REACTORS
330
C
102
}
330
C
100
AcDbDictionary
281
     1
  0
DICTIONARY
  5
7E
102
{ACAD_REACTORS
330
C
102
}
330
C
100
AcDbDictionary
281
     1
  3
Standard
350
7F
  0
LAYOUT
  5
D3
102
{ACAD_REACTORS
330
1A
102
}
330
1A
100
AcDbPlotSettings
  1

  2
none_device
  4
ISO_A3_(420.00_x_297.00_MM)
  6

 40
7.5
 41
20
 42
7.5
 43
20
 44
420
 45
297
 46
0
 47
0
 48
0
 49
0
140
0
141
0
142
1
143
1
 70
   688
 72
     1
 73
     0
 74
     5
  7
monochrome.ctb
 75
    16
147
1
148
0
149
0
 76
     0
 77
     2
 78
   300
333
0
100
AcDbLayout
  1
Layout1
 70
     0
 71
     1
 10
-7.5
 20
-20
 11
412.5
 21
277
 12
0
 22
0
 32
0
 14
0.5130306556366122
 24
0.7247303804375633
 34
0
 15
404.3338241088358
 25
256.0160563058948
 35
0
146
0
 13
0
 23
0
 33
0
 16
1
 26
0
 36
0
 17
0
 27
1
 37
0
 76
     0
330
D2
331
A5A
1001
ACAD_PSEXT
1000
None
1000
None
1000
Not applicable
1000
The layout will not be plotted unless a new plotter configuration name is selected.
1070
     0
  0
LAYOUT
  5
D7
102
{ACAD_REACTORS
330
1A
102
}
330
1A
100
AcDbPlotSettings
  1

  2
C:\Documents and Settings\basas\Application Data\Autodesk\AutoCAD 2005\R16.1\enu\plotters\Default Windows System Printer.pc3
  4

  6

 40
0
 41
0
 42
0
 43
0
 44
0
 45
0
 46
0
 47
0
 48
0
 49
0
140
0
141
0
142
1
143
1
 70
   688
 72
     0
 73
     0
 74
     5
  7

 75
    16
147
1
148
0
149
0
 76
     0
 77
     2
 78
   300
333
0
100
AcDbLayout
  1
Layout2
 70
     1
 71
     2
 10
0
 20
0
 11
12
 21
9
 12
0
 22
0
 32
0
 14
0
 24
0
 34
0
 15
0
 25
0
 35
0
146
0
 13
0
 23
0
 33
0
 16
1
 26
0
 36
0
 17
0
 27
1
 37
0
 76
     0
330
D6
  0
DICTIONARY
  5
EF
102
{ACAD_REACTORS
330
C
102
}
330
C
100
AcDbDictionary
281
     1
  3
2dWireframe
350
F5
  3
Basic
350
F4
  3
Brighten
350
FB
  3
ColorChange
350
FF
  3
Conceptual
350
F8
  3
Dim
350
FA
  3
EdgeColorOff
350
1E6
  3
Facepattern
350
FE
  3
Flat
350
F0
  3
FlatWithEdges
350
F1
  3
Gouraud
350
F2
  3
GouraudWithEdges
350
F3
  3
Hidden
350
F7
  3
JitterOff
350
1E4
  3
Linepattern
350
FD
  3
OverhangOff
350
1E5
  3
Realistic
350
F9
  3
Shaded
350
1F3
  3
Shaded with edges
350
1F2
  3
Shades of Gray
350
1EF
  3
Sketchy
350
1F0
  3
Thicken
350
FC
  3
Wireframe
350
F6
  3
X-Ray
350
1F1
  0
VISUALSTYLE
  5
F0
102
{ACAD_REACTORS
330
EF
102
}
330
EF
100
AcDbVisualStyle
  2
Flat
 70
     0
177
     2
291
     1
 70
    58
 90
        2
176
     1
 90
        1
176
     1
 90
        1
176
     1
 90
        2
176
     1
 40
0.6
176
     1
 40
30
176
     1
 62
     7
420
3271557119
176
     1
 90
        0
176
     1
 90
        0
176
     1
 62
     7
176
     1
 62
   257
176
     1
 90
        1
176
     1
 90
        1
176
     1
 40
1
176
     1
 90
        8
176
     1
 62
     7
176
     1
 40
1
176
     1
 90
        1
176
     1
 90
        6
176
     1
 90
        2
176
     1
 62
     7
176
     1
 90
        5
176
     1
 90
        0
176
     1
 90
        0
176
     1
290
     0
176
     1
 90
       13
176
     1
 40
0
176
     1
 90
        0
176
     1
290
     0
176
     1
290
     1
176
     1
290
     1
176
     1
290
     0
290
     0
176
     1
290
     0
290
     0
176
     1
290
     0
176
     1
290
     0
176
     1
 90
       50
176
     1
 40
0
176
     1
 40
1
176
     1
 90
        0
176
     1
 62
     0
420
3254779904
176
     1
 90
       50
176
     1
 90
        3
176
     1
 62
     5
420
3254780159
176
     1
290
     0
176
     1
 90
       50
176
     1
 90
       50
176
     1
 90
       50
176
     1
290
     0
176
     1
 90
       50
176
     1
 62
     0
176
     0
 40
1
176
     0
 90
        2
176
     1
  1
strokes_ogs.tif
176
     1
290
     0
176
     1
 40
1
176
     1
 40
1
176
     1
  0
VISUALSTYLE
  5
F1
102
{ACAD_REACTORS
330
EF
102
}
330
EF
100
AcDbVisualStyle
  2
FlatWithEdges
 70
     1
177
     2
291
     1
 70
    58
 90
        2
176
     1
 90
        1
176
     1
 90
        1
176
     1
 90
        2
176
     1
 40
0.6
176
     1
 40
30
176
     1
 62
     7
420
3271557119
176
     1
 90
        1
176
     1
 90
        0
176
     1
 62
     7
176
     1
 62
   257
176
     1
 90
        1
176
     1
 90
        1
176
     1
 40
1
176
     1
 90
        0
176
     1
 62
   257
176
     1
 40
1
176
     1
 90
        1
176
     1
 90
        6
176
     1
 90
        2
176
     1
 62
     7
176
     1
 90
        5
176
     1
 90
        0
176
     1
 90
        0
176
     1
290
     0
176
     1
 90
       13
176
     1
 40
0
176
     1
 90
        0
176
     1
290
     0
176
     1
290
     1
176
     1
290
     1
176
     1
290
     0
290
     0
176
     1
290
     0
290
     0
176
     1
290
     0
176
     1
290
     0
176
     1
 90
       50
176
     1
 40
0
176
     1
 40
1
176
     1
 90
        0
176
     1
 62
     0
420
3254779904
176
     1
 90
       50
176
     1
 90
        3
176
     1
 62
     5
420
3254780159
176
     1
290
     0
176
     1
 90
       50
176
     1
 90
       50
176
     1
 90
       50
176
     1
290
     0
176
     1
 90
       50
176
     1
 62
     0
176
     0
 40
1
176
     0
 90
        2
176
     1
  1
strokes_ogs.tif
176
     1
290
     0
176
     1
 40
1
176
     1
 40
1
176
     1
  0
VISUALSTYLE
  5
F2
102
{ACAD_REACTORS
330
EF
102
}
330
EF
100
AcDbVisualStyle
  2
Gouraud
 70
     2
177
     2
291
     1
 70
    58
 90
        2
176
     1
 90
        2
176
     1
 90
        1
176
     1
 90
        2
176
     1
 40
0.6
176
     1
 40
30
176
     1
 62
     7
420
3271557119
176
     1
 90
        0
176
     1
 90
        0
176
     1
 62
     7
176
     1
 62
   257
176
     1
 90
        1
176
     1
 90
        1
176
     1
 40
1
176
     1
 90
        0
176
     1
 62
     7
176
     1
 40
1
176
     1
 90
        1
176
     1
 90
        6
176
     1
 90
        2
176
     1
 62
     7
176
     1
 90
        5
176
     1
 90
        0
176
     1
 90
        0
176
     1
290
     0
176
     1
 90
       13
176
     1
 40
0
176
     1
 90
        0
176
     1
290
     0
176
     1
290
     1
176
     1
290
     1
176
     1
290
     0
290
     0
176
     1
290
     0
290
     0
176
     1
290
     0
176
     1
290
     0
176
     1
 90
       50
176
     1
 40
0
176
     1
 40
1
176
     1
 90
        0
176
     1
 62
     0
420
3254779904
176
     1
 90
       50
176
     1
 90
        3
176
     1
 62
     5
420
3254780159
176
     1
290
     0
176
     1
 90
       50
176
     1
 90
       50
176
     1
 90
       50
176
     1
290
     0
176
     1
 90
       50
176
     1
 62
     0
176
     0
 40
1
176
     0
 90
        2
176
     1
  1
strokes_ogs.tif
176
     1
290
     0
176
     1
 40
1
176
     1
 40
1
176
     1
  0
VISUALSTYLE
  5
F3
102
{ACAD_REACTORS
330
EF
102
}
330
EF
100
AcDbVisualStyle
  2
GouraudWithEdges
 70
     3
177
     2
291
     1
 70
    58
 90
        2
176
     1
 90
        2
176
     1
 90
        1
176
     1
 90
        2
176
     1
 40
0.6
176
     1
 40
30
176
     1
 62
     7
420
3271557119
176
     1
 90
        1
176
     1
 90
        0
176
     1
 62
     7
176
     1
 62
   257
176
     1
 90
        1
176
     1
 90
        1
176
     1
 40
1
176
     1
 90
        0
176
     1
 62
   257
176
     1
 40
1
176
     1
 90
        1
176
     1
 90
        6
176
     1
 90
        2
176
     1
 62
     7
176
     1
 90
        5
176
     1
 90
        0
176
     1
 90
        0
176
     1
290
     0
176
     1
 90
       13
176
     1
 40
0
176
     1
 90
        0
176
     1
290
     0
176
     1
290
     1
176
     1
290
     1
176
     1
290
     0
290
     0
176
     1
290
     0
290
     0
176
     1
290
     0
176
     1
290
     0
176
     1
 90
       50
176
     1
 40
0
176
     1
 40
1
176
     1
 90
        0
176
     1
 62
     0
420
3254779904
176
     1
 90
       50
176
     1
 90
        3
176
     1
 62
     5
420
3254780159
176
     1
290
     0
176
     1
 90
       50
176
     1
 90
       50
176
     1
 90
       50
176
     1
290
     0
176
     1
 90
       50
176
     1
 62
     0
176
     0
 40
1
176
     0
 90
        2
176
     1
  1
strokes_ogs.tif
176
     1
290
     0
176
     1
 40
1
176
     1
 40
1
176
     1
  0
VISUALSTYLE
  5
F4
102
{ACAD_REACTORS
330
EF
102
}
330
EF
100
AcDbVisualStyle
  2
Basic
 70
     7
177
     2
291
     1
 70
    58
 90
        1
176
     1
 90
        0
176
     1
 90
        1
176
     1
 90
        0
176
     1
 40
0.6
176
     1
 40
30
176
     1
 62
     7
420
3271557119
176
     1
 90
        0
176
     1
 90
        4
176
     1
 62
     7
176
     1
 62
   257
176
     1
 90
        1
176
     1
 90
        1
176
     1
 40
1
176
     1
 90
        8
176
     1
 62
     7
176
     1
 40
1
176
     1
 90
        1
176
     1
 90
        6
176
     1
 90
        2
176
     1
 62
     7
176
     1
 90
        5
176
     1
 90
        0
176
     1
 90
        0
176
     1
290
     0
176
     1
 90
        1
176
     1
 40
0
176
     1
 90
        0
176
     1
290
     0
176
     1
290
     1
176
     1
290
     1
176
     1
290
     0
290
     0
176
     1
290
     0
290
     0
176
     1
290
     0
176
     1
290
     0
176
     1
 90
       50
176
     1
 40
0
176
     1
 40
1
176
     1
 90
        0
176
     1
 62
     0
420
3254779904
176
     1
 90
       50
176
     1
 90
        3
176
     1
 62
     5
420
3254780159
176
     1
290
     0
176
     1
 90
       50
176
     1
 90
       50
176
     1
 90
       50
176
     1
290
     0
176
     1
 90
       50
176
     1
 62
     0
176
     0
 40
1
176
     0
 90
        2
176
     1
  1
strokes_ogs.tif
176
     1
290
     0
176
     1
 40
1
176
     1
 40
1
176
     1
  0
VISUALSTYLE
  5
F5
102
{ACAD_REACTORS
330
EF
102
}
330
EF
100
AcDbVisualStyle
  2
2dWireframe
 70
     4
177
     2
291
     0
 70
    58
 90
        0
176
     1
 90
        2
176
     1
 90
        1
176
     1
 90
        0
176
     1
 40
0.6
176
     1
 40
30
176
     1
 62
     7
420
3271557119
176
     1
 90
        1
176
     1
 90
        4
176
     1
 62
     7
176
     1
 62
   257
176
     1
 90
        1
176
     1
 90
        1
176
     1
 40
1
176
     1
 90
        0
176
     1
 62
   257
176
     1
 40
1
176
     1
 90
        1
176
     1
 90
        6
176
     1
 90
        2
176
     1
 62
     7
176
     1
 90
        5
176
     1
 90
        0
176
     1
 90
        0
176
     1
290
     0
176
     1
 90
        1
176
     1
 40
0
176
     1
 90
        0
176
     1
290
     1
176
     1
290
     1
176
     1
290
     0
176
     1
290
     0
290
     0
176
     1
290
     0
290
     0
176
     1
290
     0
176
     1
290
     0
176
     1
 90
       50
176
     1
 40
0
176
     1
 40
1
176
     1
 90
        0
176
     1
 62
     0
420
3254779904
176
     1
 90
       50
176
     1
 90
        3
176
     1
 62
     5
420
3254780159
176
     1
290
     0
176
     1
 90
       50
176
     1
 90
       50
176
     1
 90
       50
176
     1
290
     0
176
     1
 90
       50
176
     1
 62
     0
176
     0
 40
1
176
     0
 90
        2
176
     1
  1
strokes_ogs.tif
176
     1
290
     0
176
     1
 40
1
176
     1
 40
1
176
     1
  0
VISUALSTYLE
  5
F6
102
{ACAD_REACTORS
330
EF
102
}
330
EF
100
AcDbVisualStyle
  2
Wireframe
 70
     5
177
     2
291
     0
 70
    58
 90
        0
176
     1
 90
        2
176
     1
 90
        0
176
     1
 90
        0
176
     1
 40
0.6
176
     1
 40
30
176
     1
 62
     7
420
3271557119
176
     1
 90
        1
176
     1
 90
        4
176
     1
 62
     7
176
     1
 62
   257
176
     1
 90
        1
176
     1
 90
        1
176
     1
 40
1
176
     1
 90
        0
176
     1
 62
   257
176
     1
 40
1
176
     1
 90
        1
176
     1
 90
        6
176
     1
 90
        2
176
     1
 62
     7
176
     1
 90
        3
176
     1
 90
        0
176
     1
 90
        0
176
     1
290
     0
176
     1
 90
        1
176
     1
 40
0
176
     1
 90
        0
176
     1
290
     0
176
     1
290
     1
176
     1
290
     1
176
     1
290
     0
290
     0
176
     1
290
     0
290
     0
176
     1
290
     0
176
     1
290
     0
176
     1
 90
       50
176
     1
 40
0
176
     1
 40
1
176
     1
 90
        0
176
     1
 62
     0
420
3254779904
176
     1
 90
       50
176
     1
 90
        3
176
     1
 62
     5
420
3254780159
176
     1
290
     0
176
     1
 90
       50
176
     1
 90
       50
176
     1
 90
       50
176
     1
290
     0
176
     1
 90
       50
176
     1
 62
     0
176
     0
 40
1
176
     0
 90
        2
176
     1
  1
strokes_ogs.tif
176
     1
290
     0
176
     1
 40
1
176
     1
 40
1
176
     1
  0
VISUALSTYLE
  5
F7
102
{ACAD_REACTORS
330
EF
102
}
330
EF
100
AcDbVisualStyle
  2
Hidden
 70
     6
177
     2
291
     0
 70
    58
 90
        1
176
     1
 90
        2
176
     1
 90
        2
176
     1
 90
        0
176
     1
 40
0.6
176
     1
 40
30
176
     1
 62
     7
420
3271557119
176
     1
 90
        2
176
     1
 90
        2
176
     1
 62
     7
176
     1
 62
   257
176
     1
 90
        2
176
     1
 90
        1
176
     1
 40
40
176
     1
 90
        0
176
     1
 62
   257
176
     1
 40
1
176
     1
 90
        1
176
     1
 90
        6
176
     1
 90
        2
176
     1
 62
     7
176
     1
 90
        3
176
     1
 90
        0
176
     1
 90
        0
176
     1
290
     0
176
     1
 90
        1
176
     1
 40
0
176
     1
 90
        0
176
     1
290
     0
176
     1
290
     1
176
     1
290
     1
176
     1
290
     0
290
     0
176
     1
290
     0
290
     0
176
     1
290
     0
176
     1
290
     0
176
     1
 90
       50
176
     1
 40
0
176
     1
 40
1
176
     1
 90
        0
176
     1
 62
     0
420
3254779904
176
     1
 90
       50
176
     1
 90
        3
176
     1
 62
     5
420
3254780159
176
     1
290
     0
176
     1
 90
       50
176
     1
 90
       50
176
     1
 90
       50
176
     1
290
     0
176
     1
 90
       50
176
     1
 62
     0
176
     0
 40
1
176
     0
 90
        2
176
     1
  1
strokes_ogs.tif
176
     1
290
     0
176
     1
 40
1
176
     1
 40
1
176
     1
  0
VISUALSTYLE
  5
F8
102
{ACAD_REACTORS
330
EF
102
}
330
EF
100
AcDbVisualStyle
  2
Conceptual
 70
     9
177
     2
291
     0
 70
    58
 90
        3
176
     1
 90
        2
176
     1
 90
        1
176
     1
 90
        0
176
     1
 40
0.6
176
     1
 40
30
176
     1
 62
     7
420
3271557119
176
     1
 90
        2
176
     1
 90
        2
176
     1
 62
     7
176
     1
 62
   257
176
     1
 90
        1
176
     1
 90
        1
176
     1
 40
40
176
     1
 90
        8
176
     1
 62
     7
176
     1
 40
1
176
     1
 90
        1
176
     1
 90
        6
176
     1
 90
        2
176
     1
 62
     7
176
     1
 90
        3
176
     1
 90
        0
176
     1
 90
        0
176
     1
290
     0
176
     1
 90
        1
176
     1
 40
0
176
     1
 90
        0
176
     1
290
     0
176
     1
290
     1
176
     1
290
     1
176
     1
290
     0
290
     0
176
     1
290
     0
290
     0
176
     1
290
     0
176
     1
290
     0
176
     1
 90
       50
176
     1
 40
0
176
     1
 40
1
176
     1
 90
        0
176
     1
 62
     0
420
3254779904
176
     1
 90
       50
176
     1
 90
        3
176
     1
 62
     5
420
3254780159
176
     1
290
     0
176
     1
 90
       50
176
     1
 90
       50
176
     1
 90
       50
176
     1
290
     0
176
     1
 90
       50
176
     1
 62
     0
176
     0
 40
1
176
     0
 90
        2
176
     1
  1
strokes_ogs.tif
176
     1
290
     0
176
     1
 40
1
176
     1
 40
1
176
     1
  0
VISUALSTYLE
  5
F9
102
{ACAD_REACTORS
330
EF
102
}
330
EF
100
AcDbVisualStyle
  2
Realistic
 70
     8
177
     2
291
     0
 70
    58
 90
        2
176
     1
 90
        3
176
     1
 90
        0
176
     1
 90
        2
176
     1
 40
0.6
176
     1
 40
30
176
     1
 62
     7
420
3271557119
176
     1
 90
        0
176
     1
 90
        0
176
     1
 62
     7
176
     1
 62
   257
176
     1
 90
        1
176
     1
 90
        1
176
     1
 40
1
176
     1
 90
        8
176
     1
 62
   257
176
     1
 40
1
176
     1
 90
        1
176
     1
 90
        6
176
     1
 90
        2
176
     1
 62
     7
176
     1
 90
        3
176
     1
 90
        0
176
     1
 90
        0
176
     1
290
     0
176
     1
 90
       13
176
     1
 40
0
176
     1
 90
        0
176
     1
290
     0
176
     1
290
     1
176
     1
290
     1
176
     1
290
     0
290
     0
176
     1
290
     0
290
     0
176
     1
290
     0
176
     1
290
     0
176
     1
 90
       50
176
     1
 40
0
176
     1
 40
1
176
     1
 90
        0
176
     1
 62
     0
420
3254779904
176
     1
 90
       50
176
     1
 90
        3
176
     1
 62
     5
420
3254780159
176
     1
290
     0
176
     1
 90
       50
176
     1
 90
       50
176
     1
 90
       50
176
     1
290
     0
176
     1
 90
       50
176
     1
 62
     0
176
     0
 40
1
176
     0
 90
        2
176
     1
  1
strokes_ogs.tif
176
     1
290
     0
176
     1
 40
1
176
     1
 40
1
176
     1
  0
VISUALSTYLE
  5
FA
102
{ACAD_REACTORS
330
EF
102
}
330
EF
100
AcDbVisualStyle
  2
Dim
 70
    11
177
     2
291
     1
 70
    58
 90
        2
176
     1
 90
        2
176
     1
 90
        1
176
     1
 90
        0
176
     1
 40
0.6
176
     1
 40
30
176
     1
 62
     7
420
3271557119
176
     1
 90
        1
176
     1
 90
        4
176
     1
 62
     7
176
     1
 62
   257
176
     1
 90
        1
176
     1
 90
        1
176
     1
 40
1
176
     1
 90
        8
176
     1
 62
     7
176
     1
 40
1
176
     1
 90
        1
176
     1
 90
        6
176
     1
 90
        2
176
     1
 62
     7
176
     1
 90
        5
176
     1
 90
        0
176
     1
 90
        0
176
     1
290
     0
176
     1
 90
        1
176
     1
 40
-50
176
     1
 90
        0
176
     1
290
     0
176
     1
290
     1
176
     1
290
     1
176
     1
290
     0
290
     0
176
     1
290
     0
290
     0
176
     1
290
     0
176
     1
290
     0
176
     1
 90
       50
176
     1
 40
0
176
     1
 40
1
176
     1
 90
        0
176
     1
 62
     0
420
3254779904
176
     1
 90
       50
176
     1
 90
        3
176
     1
 62
     5
420
3254780159
176
     1
290
     0
176
     1
 90
       50
176
     1
 90
       50
176
     1
 90
       50
176
     1
290
     0
176
     1
 90
       50
176
     1
 62
     0
176
     0
 40
1
176
     0
 90
        2
176
     1
  1
strokes_ogs.tif
176
     1
290
     0
176
     1
 40
1
176
     1
 40
1
176
     1
  0
VISUALSTYLE
  5
FB
102
{ACAD_REACTORS
330
EF
102
}
330
EF
100
AcDbVisualStyle
  2
Brighten
 70
    12
177
     2
291
     1
 70
    58
 90
        2
176
     1
 90
        2
176
     1
 90
        1
176
     1
 90
        0
176
     1
 40
0.6
176
     1
 40
30
176
     1
 62
     7
420
3271557119
176
     1
 90
        1
176
     1
 90
        4
176
     1
 62
     7
176
     1
 62
   257
176
     1
 90
        1
176
     1
 90
        1
176
     1
 40
1
176
     1
 90
        8
176
     1
 62
     7
176
     1
 40
1
176
     1
 90
        1
176
     1
 90
        6
176
     1
 90
        2
176
     1
 62
     7
176
     1
 90
        5
176
     1
 90
        0
176
     1
 90
        0
176
     1
290
     0
176
     1
 90
        1
176
     1
 40
50
176
     1
 90
        0
176
     1
290
     0
176
     1
290
     1
176
     1
290
     1
176
     1
290
     0
290
     0
176
     1
290
     0
290
     0
176
     1
290
     0
176
     1
290
     0
176
     1
 90
       50
176
     1
 40
0
176
     1
 40
1
176
     1
 90
        0
176
     1
 62
     0
420
3254779904
176
     1
 90
       50
176
     1
 90
        3
176
     1
 62
     5
420
3254780159
176
     1
290
     0
176
     1
 90
       50
176
     1
 90
       50
176
     1
 90
       50
176
     1
290
     0
176
     1
 90
       50
176
     1
 62
     0
176
     0
 40
1
176
     0
 90
        2
176
     1
  1
strokes_ogs.tif
176
     1
290
     0
176
     1
 40
1
176
     1
 40
1
176
     1
  0
VISUALSTYLE
  5
FC
102
{ACAD_REACTORS
330
EF
102
}
330
EF
100
AcDbVisualStyle
  2
Thicken
 70
    13
177
     2
291
     1
 70
    58
 90
        2
176
     1
 90
        2
176
     1
 90
        1
176
     1
 90
        0
176
     1
 40
0.6
176
     1
 40
30
176
     1
 62
     7
420
3271557119
176
     1
 90
        1
176
     1
 90
        4
176
     1
 62
     7
176
     1
 62
   257
176
     1
 90
        1
176
     1
 90
        1
176
     1
 40
1
176
     1
 90
       12
176
     1
 62
     7
176
     1
 40
1
176
     1
 90
        1
176
     1
 90
        6
176
     1
 90
        2
176
     1
 62
     7
176
     1
 90
        5
176
     1
 90
        0
176
     1
 90
        0
176
     1
290
     0
176
     1
 90
        1
176
     1
 40
0
176
     1
 90
        0
176
     1
290
     0
176
     1
290
     1
176
     1
290
     1
176
     1
290
     0
290
     0
176
     1
290
     0
290
     0
176
     1
290
     0
176
     1
290
     0
176
     1
 90
       50
176
     1
 40
0
176
     1
 40
1
176
     1
 90
        0
176
     1
 62
     0
420
3254779904
176
     1
 90
       50
176
     1
 90
        3
176
     1
 62
     5
420
3254780159
176
     1
290
     0
176
     1
 90
       50
176
     1
 90
       50
176
     1
 90
       50
176
     1
290
     0
176
     1
 90
       50
176
     1
 62
     0
176
     0
 40
1
176
     0
 90
        2
176
     1
  1
strokes_ogs.tif
176
     1
290
     0
176
     1
 40
1
176
     1
 40
1
176
     1
  0
VISUALSTYLE
  5
FD
102
{ACAD_REACTORS
330
EF
102
}
330
EF
100
AcDbVisualStyle
  2
Linepattern
 70
    14
177
     2
291
     1
 70
    58
 90
        2
176
     1
 90
        2
176
     1
 90
        1
176
     1
 90
        0
176
     1
 40
0.6
176
     1
 40
30
176
     1
 62
     7
420
3271557119
176
     1
 90
        1
176
     1
 90
        4
176
     1
 62
     7
176
     1
 62
   257
176
     1
 90
        7
176
     1
 90
        7
176
     1
 40
1
176
     1
 90
        8
176
     1
 62
     7
176
     1
 40
1
176
     1
 90
        1
176
     1
 90
        6
176
     1
 90
        2
176
     1
 62
     7
176
     1
 90
        5
176
     1
 90
        0
176
     1
 90
        0
176
     1
290
     0
176
     1
 90
        1
176
     1
 40
0
176
     1
 90
        0
176
     1
290
     0
176
     1
290
     1
176
     1
290
     1
176
     1
290
     0
290
     0
176
     1
290
     0
290
     0
176
     1
290
     0
176
     1
290
     0
176
     1
 90
       50
176
     1
 40
0
176
     1
 40
1
176
     1
 90
        0
176
     1
 62
     0
420
3254779904
176
     1
 90
       50
176
     1
 90
        3
176
     1
 62
     5
420
3254780159
176
     1
290
     0
176
     1
 90
       50
176
     1
 90
       50
176
     1
 90
       50
176
     1
290
     0
176
     1
 90
       50
176
     1
 62
     0
176
     0
 40
1
176
     0
 90
        2
176
     1
  1
strokes_ogs.tif
176
     1
290
     0
176
     1
 40
1
176
     1
 40
1
176
     1
  0
VISUALSTYLE
  5
FE
102
{ACAD_REACTORS
330
EF
102
}
330
EF
100
AcDbVisualStyle
  2
Facepattern
 70
    15
177
     2
291
     1
 70
    58
 90
        2
176
     1
 90
        2
176
     1
 90
        1
176
     1
 90
        0
176
     1
 40
0.6
176
     1
 40
30
176
     1
 62
     7
420
3271557119
176
     1
 90
        1
176
     1
 90
        4
176
     1
 62
     7
176
     1
 62
   257
176
     1
 90
        1
176
     1
 90
        1
176
     1
 40
1
176
     1
 90
        8
176
     1
 62
     7
176
     1
 40
1
176
     1
 90
        1
176
     1
 90
        6
176
     1
 90
        2
176
     1
 62
     7
176
     1
 90
        5
176
     1
 90
        0
176
     1
 90
        0
176
     1
290
     0
176
     1
 90
        1
176
     1
 40
0
176
     1
 90
        0
176
     1
290
     0
176
     1
290
     1
176
     1
290
     1
176
     1
290
     0
290
     0
176
     1
290
     0
290
     0
176
     1
290
     0
176
     1
290
     0
176
     1
 90
       50
176
     1
 40
0
176
     1
 40
1
176
     1
 90
        0
176
     1
 62
     0
420
3254779904
176
     1
 90
       50
176
     1
 90
        3
176
     1
 62
     5
420
3254780159
176
     1
290
     0
176
     1
 90
       50
176
     1
 90
       50
176
     1
 90
       50
176
     1
290
     0
176
     1
 90
       50
176
     1
 62
     0
176
     0
 40
1
176
     0
 90
        2
176
     1
  1
strokes_ogs.tif
176
     1
290
     0
176
     1
 40
1
176
     1
 40
1
176
     1
  0
VISUALSTYLE
  5
FF
102
{ACAD_REACTORS
330
EF
102
}
330
EF
100
AcDbVisualStyle
  2
ColorChange
 70
    16
177
     2
291
     1
 70
    58
 90
        2
176
     1
 90
        2
176
     1
 90
        3
176
     1
 90
        0
176
     1
 40
0.6
176
     1
 40
30
176
     1
 62
     9
420
3263201408
176
     1
 90
        1
176
     1
 90
        4
176
     1
 62
     7
176
     1
 62
   257
176
     1
 90
        1
176
     1
 90
        1
176
     1
 40
1
176
     1
 90
        8
176
     1
 62
     9
420
3263201408
176
     1
 40
1
176
     1
 90
        1
176
     1
 90
        6
176
     1
 90
        2
176
     1
 62
     7
176
     1
 90
        5
176
     1
 90
        0
176
     1
 90
        0
176
     1
290
     0
176
     1
 90
        1
176
     1
 40
0
176
     1
 90
        0
176
     1
290
     0
176
     1
290
     1
176
     1
290
     1
176
     1
290
     0
290
     0
176
     1
290
     0
290
     0
176
     1
290
     0
176
     1
290
     0
176
     1
 90
       50
176
     1
 40
0
176
     1
 40
1
176
     1
 90
        0
176
     1
 62
     0
420
3254779904
176
     1
 90
       50
176
     1
 90
        3
176
     1
 62
     5
420
3254780159
176
     1
290
     0
176
     1
 90
       50
176
     1
 90
       50
176
     1
 90
       50
176
     1
290
     0
176
     1
 90
       50
176
     1
 62
     0
176
     0
 40
1
176
     0
 90
        2
176
     1
  1
strokes_ogs.tif
176
     1
290
     0
176
     1
 40
1
176
     1
 40
1
176
     1
  0
DICTIONARY
  5
10C
102
{ACAD_REACTORS
330
C
102
}
330
C
100
AcDbDictionary
281
     1
  3
A0
350
10D
  3
A1
350
1BE
  3
A2
350
1BF
  3
A3
350
1C0
  3
A4
350
1C1
  3
A5
350
1C2
  3
A6
350
1C3
  3
A7
350
1C4
  3
A8
350
1C5
  3
A9
350
1C6
  3
B0
350
1C7
  3
B1
350
1C8
  3
B2
350
1C9
  3
B3
350
1CA
  3
B4
350
1CB
  3
B5
350
1CC
  3
B6
350
1CD
  0
SCALE
  5
10D
102
{ACAD_REACTORS
330
10C
102
}
330
10C
100
AcDbScale
 70
     0
300
1:1
140
1
141
1
290
     1
  0
DICTIONARY
  5
12D
102
{ACAD_REACTORS
330
C
102
}
330
C
100
AcDbDictionary
281
     1
  3
Annotative
350
13B
  3
Standard
350
12E
  0
DICTIONARY
  5
13C
330
10
100
AcDbDictionary
280
     1
281
     1
  0
DICTIONARY
  5
162
330
7F
100
AcDbDictionary
280
     1
281
     1
  0
DICTIONARY
  5
173
330
EE
100
AcDbDictionary
280
     1
281
     1
  3
BUMPTILE
360
175
  3
DIFFUSETILE
360
174
  3
FBXASSET
360
1FB
  3
OPACITYTILE
360
176
  3
REFLECTIONTILE
360
177
  0
XRECORD
  5
174
102
{ACAD_REACTORS
330
173
102
}
330
173
100
AcDbXrecord
280
     1
270
     1
271
     1
  0
XRECORD
  5
175
102
{ACAD_REACTORS
330
173
102
}
330
173
100
AcDbXrecord
280
     1
270
     1
271
     1
  0
XRECORD
  5
176
102
{ACAD_REACTORS
330
173
102
}
330
173
100
AcDbXrecord
280
     1
270
     1
271
     1
  0
XRECORD
  5
177
102
{ACAD_REACTORS
330
173
102
}
330
173
100
AcDbXrecord
280
     1
270
     1
271
     1
  0
SCALE
  5
1BE
102
{ACAD_REACTORS
330
10C
102
}
330
10C
100
AcDbScale
 70
     0
300
1:2
140
1
141
2
290
     0
  0
SCALE
  5
1BF
102
{ACAD_REACTORS
330
10C
102
}
330
10C
100
AcDbScale
 70
     0
300
1:4
140
1
141
4
290
     0
  0
SCALE
  5
1C0
102
{ACAD_REACTORS
330
10C
102
}
330
10C
100
AcDbScale
 70
     0
300
1:5
140
1
141
5
290
     0
  0
SCALE
  5
1C1
102
{ACAD_REACTORS
330
10C
102
}
330
10C
100
AcDbScale
 70
     0
300
1:8
140
1
141
8
290
     0
  0
SCALE
  5
1C2
102
{ACAD_REACTORS
330
10C
102
}
330
10C
100
AcDbScale
 70
     0
300
1:10
140
1
141
10
290
     0
  0
SCALE
  5
1C3
102
{ACAD_REACTORS
330
10C
102
}
330
10C
100
AcDbScale
 70
     0
300
1:16
140
1
141
16
290
     0
  0
SCALE
  5
1C4
102
{ACAD_REACTORS
330
10C
102
}
330
10C
100
AcDbScale
 70
     0
300
1:20
140
1
141
20
290
     0
  0
SCALE
  5
1C5
102
{ACAD_REACTORS
330
10C
102
}
330
10C
100
AcDbScale
 70
     0
300
1:30
140
1
141
30
290
     0
  0
SCALE
  5
1C6
102
{ACAD_REACTORS
330
10C
102
}
330
10C
100
AcDbScale
 70
     0
300
1:40
140
1
141
40
290
     0
  0
SCALE
  5
1C7
102
{ACAD_REACTORS
330
10C
102
}
330
10C
100
AcDbScale
 70
     0
300
1:50
140
1
141
50
290
     0
  0
SCALE
  5
1C8
102
{ACAD_REACTORS
330
10C
102
}
330
10C
100
AcDbScale
 70
     0
300
1:100
140
1
141
100
290
     0
  0
SCALE
  5
1C9
102
{ACAD_REACTORS
330
10C
102
}
330
10C
100
AcDbScale
 70
     0
300
2:1
140
2
141
1
290
     0
  0
SCALE
  5
1CA
102
{ACAD_REACTORS
330
10C
102
}
330
10C
100
AcDbScale
 70
     0
300
4:1
140
4
141
1
290
     0
  0
SCALE
  5
1CB
102
{ACAD_REACTORS
330
10C
102
}
330
10C
100
AcDbScale
 70
     0
300
8:1
140
8
141
1
290
     0
  0
SCALE
  5
1CC
102
{ACAD_REACTORS
330
10C
102
}
330
10C
100
AcDbScale
 70
     0
300
10:1
140
10
141
1
290
     0
  0
SCALE
  5
1CD
102
{ACAD_REACTORS
330
10C
102
}
330
10C
100
AcDbScale
 70
     0
300
100:1
140
100
141
1
290
     0
  0
DICTIONARY
  5
1CE
330
1F
100
AcDbDictionary
280
     1
281
     1
  3
ACAD_SORTENTS
360
982
  0
VISUALSTYLE
  5
1E4
102
{ACAD_REACTORS
330
EF
102
}
330
EF
100
AcDbVisualStyle
  2
JitterOff
 70
    20
177
     2
291
     1
 70
    58
 90
        2
176
     0
 90
        2
176
     0
 90
        0
176
     0
 90
        0
176
     0
 40
0.6
176
     0
 40
30
176
     0
 62
     7
420
3271557119
176
     0
 90
        1
176
     0
 90
        4
176
     0
 62
     7
176
     0
 62
   257
176
     0
 90
        1
176
     0
 90
        1
176
     0
 40
1
176
     0
 90
       10
176
     2
 62
     7
176
     0
 40
1
176
     0
 90
        1
176
     0
 90
        6
176
     0
 90
        2
176
     0
 62
     7
176
     0
 90
        5
176
     0
 90
        0
176
     0
 90
        0
176
     0
290
     0
176
     0
 90
        1
176
     0
 40
0
176
     0
 90
        0
176
     0
290
     0
176
     1
290
     1
176
     1
290
     1
176
     1
290
     0
290
     0
176
     1
290
     0
290
     0
176
     1
290
     0
176
     1
290
     0
176
     1
 90
       50
176
     1
 40
0
176
     1
 40
1
176
     1
 90
        0
176
     1
 62
     0
420
3254779904
176
     1
 90
       50
176
     1
 90
        3
176
     1
 62
     5
420
3254780159
176
     1
290
     0
176
     1
 90
       50
176
     1
 90
       50
176
     1
 90
       50
176
     1
290
     0
176
     1
 90
       50
176
     1
 62
     0
176
     0
 40
1
176
     0
 90
        2
176
     1
  1
strokes_ogs.tif
176
     1
290
     0
176
     1
 40
1
176
     1
 40
1
176
     1
  0
VISUALSTYLE
  5
1E5
102
{ACAD_REACTORS
330
EF
102
}
330
EF
100
AcDbVisualStyle
  2
OverhangOff
 70
    21
177
     2
291
     1
 70
    58
 90
        2
176
     0
 90
        2
176
     0
 90
        0
176
     0
 90
        0
176
     0
 40
0.6
176
     0
 40
30
176
     0
 62
     7
420
3271557119
176
     0
 90
        1
176
     0
 90
        4
176
     0
 62
     7
176
     0
 62
   257
176
     0
 90
        1
176
     0
 90
        1
176
     0
 40
1
176
     0
 90
        9
176
     2
 62
     7
176
     0
 40
1
176
     0
 90
        1
176
     0
 90
        6
176
     0
 90
        2
176
     0
 62
     7
176
     0
 90
        5
176
     0
 90
        0
176
     0
 90
        0
176
     0
290
     0
176
     0
 90
        1
176
     0
 40
0
176
     0
 90
        0
176
     0
290
     0
176
     1
290
     1
176
     1
290
     1
176
     1
290
     0
290
     0
176
     1
290
     0
290
     0
176
     1
290
     0
176
     1
290
     0
176
     1
 90
       50
176
     1
 40
0
176
     1
 40
1
176
     1
 90
        0
176
     1
 62
     0
420
3254779904
176
     1
 90
       50
176
     1
 90
        3
176
     1
 62
     5
420
3254780159
176
     1
290
     0
176
     1
 90
       50
176
     1
 90
       50
176
     1
 90
       50
176
     1
290
     0
176
     1
 90
       50
176
     1
 62
     0
176
     0
 40
1
176
     0
 90
        2
176
     1
  1
strokes_ogs.tif
176
     1
290
     0
176
     1
 40
1
176
     1
 40
1
176
     1
  0
VISUALSTYLE
  5
1E6
102
{ACAD_REACTORS
330
EF
102
}
330
EF
100
AcDbVisualStyle
  2
EdgeColorOff
 70
    22
177
     2
291
     1
 70
    58
 90
        2
176
     0
 90
        2
176
     0
 90
        0
176
     0
 90
        0
176
     0
 40
0.6
176
     0
 40
30
176
     0
 62
     7
420
3271557119
176
     0
 90
        1
176
     0
 90
        4
176
     0
 62
     7
176
     0
 62
   257
176
     0
 90
        1
176
     0
 90
        1
176
     0
 40
1
176
     0
 90
        8
176
     2
 62
     7
176
     0
 40
1
176
     0
 90
        1
176
     0
 90
        6
176
     0
 90
        2
176
     0
 62
     7
176
     0
 90
        5
176
     0
 90
        0
176
     0
 90
        0
176
     0
290
     0
176
     0
 90
        1
176
     0
 40
0
176
     0
 90
        0
176
     0
290
     0
176
     1
290
     1
176
     1
290
     1
176
     1
290
     0
290
     0
176
     1
290
     0
290
     0
176
     1
290
     0
176
     1
290
     0
176
     1
 90
       50
176
     1
 40
0
176
     1
 40
1
176
     1
 90
        0
176
     1
 62
     0
420
3254779904
176
     1
 90
       50
176
     1
 90
        3
176
     1
 62
     5
420
3254780159
176
     1
290
     0
176
     1
 90
       50
176
     1
 90
       50
176
     1
 90
       50
176
     1
290
     0
176
     1
 90
       50
176
     1
 62
     0
176
     0
 40
1
176
     0
 90
        2
176
     1
  1
strokes_ogs.tif
176
     1
290
     0
176
     1
 40
1
176
     1
 40
1
176
     1
  0
VISUALSTYLE
  5
1EF
102
{ACAD_REACTORS
330
EF
102
}
330
EF
100
AcDbVisualStyle
  2
Shades of Gray
 70
    23
177
     2
291
     0
 70
    58
 90
        2
176
     1
 90
        2
176
     1
 90
        3
176
     1
 90
        0
176
     1
 40
0.6
176
     1
 40
30
176
     1
 62
     7
420
3271557119
176
     1
 90
        2
176
     1
 90
        2
176
     1
 62
     7
176
     1
 62
     7
176
     1
 90
        1
176
     1
 90
        1
176
     1
 40
40
176
     1
 90
        8
176
     1
 62
     7
176
     1
 40
1
176
     1
 90
        1
176
     1
 90
        6
176
     1
 90
        2
176
     1
 62
     7
176
     1
 90
        3
176
     1
 90
        0
176
     1
 90
        0
176
     1
290
     0
176
     1
 90
        1
176
     1
 40
0
176
     1
 90
        0
176
     1
290
     0
176
     1
290
     1
176
     1
290
     1
176
     1
290
     0
290
     0
176
     1
290
     0
290
     0
176
     1
290
     0
176
     1
290
     0
176
     1
 90
       50
176
     1
 40
0
176
     1
 40
1
176
     1
 90
        0
176
     1
 62
     0
420
3254779904
176
     1
 90
       50
176
     1
 90
        3
176
     1
 62
     5
420
3254780159
176
     1
290
     0
176
     1
 90
       50
176
     1
 90
       50
176
     1
 90
       50
176
     1
290
     0
176
     1
 90
       50
176
     1
 62
     0
176
     0
 40
1
176
     0
 90
        2
176
     1
  1
strokes_ogs.tif
176
     1
290
     0
176
     1
 40
1
176
     1
 40
1
176
     1
  0
VISUALSTYLE
  5
1F0
102
{ACAD_REACTORS
330
EF
102
}
330
EF
100
AcDbVisualStyle
  2
Sketchy
 70
    24
177
     2
291
     0
 70
    58
 90
        1
176
     1
 90
        2
176
     1
 90
        2
176
     1
 90
        0
176
     1
 40
0.6
176
     1
 40
30
176
     1
 62
     7
420
3271557119
176
     1
 90
        2
176
     1
 90
        2
176
     1
 62
     7
176
     1
 62
     7
176
     1
 90
        1
176
     1
 90
        1
176
     1
 40
40
176
     1
 90
       11
176
     1
 62
     7
176
     1
 40
1
176
     1
 90
        1
176
     1
 90
        6
176
     1
 90
        2
176
     1
 62
     7
176
     1
 90
        6
176
     1
 90
        0
176
     1
 90
        0
176
     1
290
     0
176
     1
 90
        1
176
     1
 40
0
176
     1
 90
        0
176
     1
290
     0
176
     1
290
     1
176
     1
290
     1
176
     1
290
     0
290
     0
176
     1
290
     0
290
     0
176
     1
290
     0
176
     1
290
     0
176
     1
 90
       50
176
     1
 40
0
176
     1
 40
1
176
     1
 90
        0
176
     1
 62
     0
420
3254779904
176
     1
 90
       50
176
     1
 90
        3
176
     1
 62
     5
420
3254780159
176
     1
290
     0
176
     1
 90
       50
176
     1
 90
       50
176
     1
 90
       50
176
     1
290
     0
176
     1
 90
       50
176
     1
 62
     0
176
     0
 40
1
176
     0
 90
        2
176
     1
  1
strokes_ogs.tif
176
     1
290
     0
176
     1
 40
1
176
     1
 40
1
176
     1
  0
VISUALSTYLE
  5
1F1
102
{ACAD_REACTORS
330
EF
102
}
330
EF
100
AcDbVisualStyle
  2
X-Ray
 70
    25
177
     2
291
     0
 70
    58
 90
        2
176
     1
 90
        2
176
     1
 90
        1
176
     1
 90
        1
176
     1
 40
0.5
176
     1
 40
30
176
     1
 62
     7
420
3271557119
176
     1
 90
        1
176
     1
 90
        0
176
     1
 62
     7
176
     1
 62
   257
176
     1
 90
        1
176
     1
 90
        1
176
     1
 40
1
176
     1
 90
        8
176
     1
 62
     7
176
     1
 40
1
176
     1
 90
        1
176
     1
 90
        6
176
     1
 90
        2
176
     1
 62
     7
176
     1
 90
        3
176
     1
 90
        0
176
     1
 90
        0
176
     1
290
     0
176
     1
 90
       13
176
     1
 40
0
176
     1
 90
        0
176
     1
290
     0
176
     1
290
     1
176
     1
290
     1
176
     1
290
     0
290
     0
176
     1
290
     0
290
     0
176
     1
290
     0
176
     1
290
     0
176
     1
 90
       50
176
     1
 40
0
176
     1
 40
1
176
     1
 90
        0
176
     1
 62
     0
420
3254779904
176
     1
 90
       50
176
     1
 90
        3
176
     1
 62
     5
420
3254780159
176
     1
290
     0
176
     1
 90
       50
176
     1
 90
       50
176
     1
 90
       50
176
     1
290
     0
176
     1
 90
       50
176
     1
 62
     0
176
     0
 40
1
176
     0
 90
        2
176
     1
  1
strokes_ogs.tif
176
     1
290
     0
176
     1
 40
1
176
     1
 40
1
176
     1
  0
VISUALSTYLE
  5
1F2
102
{ACAD_REACTORS
330
EF
102
}
330
EF
100
AcDbVisualStyle
  2
Shaded with edges
 70
    26
177
     2
291
     0
 70
    58
 90
        2
176
     1
 90
        2
176
     1
 90
        1
176
     1
 90
        2
176
     1
 40
0.6
176
     1
 40
30
176
     1
 62
     7
420
3271557119
176
     1
 90
        1
176
     1
 90
        2
176
     1
 62
     7
176
     1
 62
   257
176
     1
 90
        2
176
     1
 90
        1
176
     1
 40
1
176
     1
 90
        8
176
     1
 62
   257
176
     1
 40
1
176
     1
 90
        1
176
     1
 90
        6
176
     1
 90
        2
176
     1
 62
     7
176
     1
 90
        3
176
     1
 90
        0
176
     1
 90
        0
176
     1
290
     0
176
     1
 90
        5
176
     1
 40
0
176
     1
 90
        0
176
     1
290
     0
176
     1
290
     1
176
     1
290
     1
176
     1
290
     0
290
     0
176
     1
290
     0
290
     0
176
     1
290
     0
176
     1
290
     0
176
     1
 90
       50
176
     1
 40
0
176
     1
 40
1
176
     1
 90
        0
176
     1
 62
     0
420
3254779904
176
     1
 90
       50
176
     1
 90
        3
176
     1
 62
     5
420
3254780159
176
     1
290
     0
176
     1
 90
       50
176
     1
 90
       50
176
     1
 90
       50
176
     1
290
     0
176
     1
 90
       50
176
     1
 62
     0
176
     0
 40
1
176
     0
 90
        2
176
     1
  1
strokes_ogs.tif
176
     1
290
     0
176
     1
 40
1
176
     1
 40
1
176
     1
  0
VISUALSTYLE
  5
1F3
102
{ACAD_REACTORS
330
EF
102
}
330
EF
100
AcDbVisualStyle
  2
Shaded
 70
    27
177
     2
291
     0
 70
    58
 90
        2
176
     1
 90
        2
176
     1
 90
        1
176
     1
 90
        2
176
     1
 40
0.6
176
     1
 40
30
176
     1
 62
     7
420
3271557119
176
     1
 90
        0
176
     1
 90
        4
176
     1
 62
     7
176
     1
 62
   257
176
     1
 90
        1
176
     1
 90
        1
176
     1
 40
1
176
     1
 90
        8
176
     1
 62
   257
176
     1
 40
1
176
     1
 90
        1
176
     1
 90
        6
176
     1
 90
        2
176
     1
 62
   256
420
3262675064
176
     1
 90
        3
176
     1
 90
        0
176
     1
 90
        0
176
     1
290
     0
176
     1
 90
        5
176
     1
 40
0
176
     1
 90
        0
176
     1
290
     0
176
     1
290
     1
176
     1
290
     1
176
     1
290
     0
290
     0
176
     1
290
     0
290
     0
176
     1
290
     0
176
     1
290
     0
176
     1
 90
       50
176
     1
 40
0
176
     1
 40
1
176
     1
 90
        0
176
     1
 62
     0
420
3254779904
176
     1
 90
       50
176
     1
 90
        3
176
     1
 62
     5
420
3254780159
176
     1
290
     0
176
     1
 90
       50
176
     1
 90
       50
176
     1
 90
       50
176
     1
290
     0
176
     1
 90
       50
176
     1
 62
     0
176
     0
 40
1
176
     0
 90
        2
176
     1
  1
strokes_ogs.tif
176
     1
290
     0
176
     1
 40
1
176
     1
 40
1
176
     1
  0
DICTIONARY
  5
1F7
330
EC
100
AcDbDictionary
280
     1
281
     1
  3
FBXASSET
360
1F8
  0
XRECORD
  5
1F8
102
{ACAD_REACTORS
330
1F7
102
}
330
1F7
100
AcDbXrecord
280
     1
 70
     1
 90
429727718
  1
30362254-06B7-45E0-A893-8CFA70E3D6BC
310
504B03040A0000080000CC70623B3DEE336E79000000790000001B0000006175746F6465736B2D64657369676E2D7061636B6167652E786D6C3C3F786D6C2076657273696F6E3D22312E302220656E636F64696E673D227574662D3822203F3E3C666F726D6174733E3C666F726D61743E687474703A2F2F736368656D612E
310
6175746F6465736B2E636F6D2F64657369676E2D7061636B6167652F323030393C2F666F726D61743E3C2F666F726D6174733E504B0304140006080800CC70623BD486FD9CA0000000F4000000130000005B436F6E74656E745F54797065735D2E786D6C7D8EC10E82300C865F65E91D8A1E8C310C0EEA1BF002731658846E
310
D98AC1B77784ABF1D8FE5FBFBF75BBCE937A534CCEB38643598122B6FEE978D0B0485F9C41B54DDD7D022595594E1A469170414C76A4D9A4D207E29CF43ECE46F218070CC6BECC4078ACAA135ACF422C856C0E68EA1BF5669944DDD7BCDE7B1F8E415D77AECB980613C2E4AC91FC167A2B244592486606FC29C8FD7F045B9A
310
EF7053A7E60B504B0304140006080800CC70623B1EC5D7A3EB0000007C01000008000000636F72652E786D6C8D90416EC3201045AF82665B6103C6756C6122AB4D4ED00B204C5C94182C03558F5F9C3852BBEB6A467FFE9B197D71FC9E6FE8CBACC17AD7032D0820E3B41FAD9B7A48F1820F808E52ACDEC75F36404ECDA687
310
4D0629A6D5A76597B477D1B89855E747B38B2A041301E95B6E7A08FAD3CCAA50296647B8168BD2573599823EBB0CA76447F43862C7BCCF5EAC59410E4DDD9C7973C2755553CCCFA4C603E3040F1565ED3B1FDE4E432BCA0D9622DAF9795FAF464533826484B498524CD807E51D79ED187F21878E10516EF63F505AC67F42C9
310
BA58B1FDDD071640D2FCC87D2045B96591CB3DA85CB7DCE40F504B0304140006080800CC70623B55019EA25F0000007C00000007000000636E782E786D6C4DCB3B0E80201045D1AD90E915ED2CF8AC45050C11660C8261F98AB1B07AC9C97D42D718D865D3E909258CFD00CCE24AC6E326A164D74DC0B4128928FF32603847
310
2BA13128B1252AC747C6BAB984FC68F0B87FE8960A5C09FE86CFB69FBA01504B0304140006080800CC70623B8C9102E971010000D40300000C0000006662782F636F72652E786D6CC5535B6E833010BC8AE5DF0A6C08340F1947A84D4ED00B38C6A128602363A31CBFCB234A53A551FA553EC09AD9F5CE8C31DB9E9B1AF5CA
310
7695D1198E428A91D2D214952E33ECDD315861B4E5CC1AE3BE9561A445A3323CC098B3D21ADFCE9034DA29ED00D5A6503328BA4E398C640D8B0C77F253352214DE4145770A5B214FA2546114020D759C75CE8200340D19DE981F0F6746269C33EFAB6266AB02A655C74A59CCF365BADC27CB5D902ED22848F6340DF238A141
310
BE88E2F57B92BFEDF23523433367AE6A2EEAA455C2A902F398D2751045018D3FA264435F3771F242571B4A1919CA6F9A7C5B3CD9E42BED16F12C776AEB308F40C848FC700B1139D4891EF410CEC810227CC6846F8386402064270EF5C5C709A05E49676C024C61FC95EA45ED154CA5211D1FF4FB8291A913A68E9B83EBBB33
310
E2A7673CDE118E5AE8124C0807CB8377834E366998436B950D7A7746DAD846D4CFD978E0F04FD455FC5D49D2D4C6FE9722321F10997F0F32DC47FE05504B0304140006080800CC70623BFFEA85907E0000009D0000000B0000006662782F636E782E786D6C4DCCD10A83201886E15B91FFDC95D95A811AB6F23E625948A6C3
310
E9D8E5AF46073BFAE0E1E365ED67B3E8ADC3CB78C7815C7240DA3DFC64DCC221C519D7805AC182F7F1EF06C88D9BE6703008B6049F9E274D7A1E938DBB5AE3D6131B2589BA0D3D965551E0B2EA732C9B9A624AAEB41E3A557677029960D9AFB4EF11165F504B0304140006080800CC70623B4FEEA4082C0100001202000031
310
0000006662782F39464131463745442D413632322D343644302D413938332D3331353338454246344243312F636F72652E786D6C8D515B6EC32010BC0AE2AB55850DD871ED0813254D72825EC00192A2C460F1A872FC42ED48ED5F7E00CDCECCCEB26C731F6FE05B39AFADE921293004CA082BB5B9F43086336A21D870E6AC
310
0D7F68109861543DCC30E4ECE26C9C164858139409093556AA051CBC570102714B8F1E7AF1A5C6A11862480C7F2DA6415C878B2A4891CA89C7990F2E050073937C42DE1DB7E4F87ED8A36D4329AA9B3D46DBAEAD504556557BD81DEBDD0761E52CE42C462D17B996298E3E6BE59E35C962CE821E1FF18553435012728A7187
310
0841987E927A8D9B35ADDF70BBC6989599FE4F1427F9A4286A132ABAC49D651EF234CD5CE04CDA78BA3DC2A8FB645D00B9DF8B57E215725C60BCA2A463E54C4CE327C7A65E1C7DB02E7DEFCBF594B864C5CA6CDBD49C957943E9FA5D5FBAF336F90F504B0304140006080800CC70623BAD7543B64E01000033030000300000
310
006662782F39464131463745442D413632322D343644302D413938332D3331353338454246344243312F636E782E786D6CD593CD6EC32010845F0571AD6CE3D48AD20813A9873E410FBD12D82434182C7EAAE6EDBB2424CD25871E7B41D6EC30B3FA84F9E67BB2E40B4234DE8DB46F1925E094D7C6ED479AD3AE5951B2113C
310
789FEE6C943839C1488B4C05DF079FE72A69D8C96C13AAD6B8631503449F83828872B949AC57D26200B826A308D316B4064D6E46FCDA41C05550DC9E483A00797BFD207EFB092A45DE9514C1BBD22178396BD39D891265658C238DEA00936C654E5E433CB65A26D9F6EDB5EBC14EBF49A45CB856E66048291F6939A9A81BB5
310
C8917738143CA680F4AA299D66A042CEB3354A2684DC9D8D178FE0D9B8B41CAAD720F880EE7EF93C0C18769E099ECC04D5A102C8049A8A05632F4DDF376CF1DE0F6BB65C2F8627B65A33C6BB62177CEBBDAD973006829F89F22E814B54F4BC2BE347F8AA8F681390B50FA73F804400B5F542E796F19FF974E7F78DB802FE05
310
E207504B0304140006080800CC70623B16AB87BA640500003C100000340000006662782F39464131463745442D413632322D343644302D413938332D3331353338454246344243312F6F626A656374732E786D6CAD575B6FA33818FD2B887DE6924B3BED8A326A92B68A663B534DD4D13E548A0C38942D60649B369D5FBFC7
310
600890A493BDE42160637FD7F31D7FF63E6FB3D478A55C242CBF3247B66B1A340F5994E4F19559CA8D75611A9F7D8F33263BCB4C232719BD32D5B4E97B316765A1A722BA21652A07B3B7B33F0D11D29C9A46981221AE4C113ED38CD8A4942CA2E2C58E882476BCD9DA23BB5ED8171B73523C0F841684D35CC252CCE79062D4
310
468DFA43D7747CCF51DF7D4FFDEB5593E3AB9CCA9FBEFE241792E4E19EB28198C968BAB8199F5D5A67D3E9C49A9E8F47D6EC76B6B0469F26EEFC7C3EBFBCBEB98462213924694B38DD98FE1D62C393D073EA4FADC5DAF04326852CCF6958F90F0F2B9BB5C48816348F90C7840A68EB78EDF68723159BCEE7891A6B95DDE9D3
310
BCEAEEE8086A6C6F9E5D4B59F0175C10A7A0820BAA5055C7473B5AE3CFDD452D602CD5DF12616444529E90D448938013FE6EFA58AA96F85E4F8C42275708571E98FE6827AF6B2B4AE3D7D83D64E5A64C53054DD3AF90BD06FEA9149565C94FCA0F6B834DC85599E4F2423B24DF0B6AFA979E534DFA9E7A4CC6FA631D486393
310
921829879BF5D781A373557BCB85E97FB90DB62B558F8795179C15944B051F40AB495CF35451D26A4727654E6D8033BD98EF82F21D91FF8AF2DD9982BCF1643BDD4EB516C9492E368C67C88DED563FC36D5EACF66DFF057C3658BDBFA69DF9578B3DA735B64F18C7F20770A9D45CFCF7FCF563D6456A277DBEF78A02637CA2
310
43B90A490AEAB94F72244481D24819A6C0E59B606BFA4B3025981DBB48EAB701D97BF19C577CC77F2D1B6C55A9EF3C732474C0B727303F625995056C3B02963D9EAC146BE78EC5FCEC7FA999EBC5EACBAAE41B12D27B4D2C0BBA49F244E2ECDC81B76B502F113D8F5EE8FB1BE3111CDD4FC2AA9B844CAB1288B68AB90A7CDC
310
1C166AB0D3DC5310625FCC14E779BFD0709F8890A629C9292B1B2DED31A4B0DA928CEE135085754027E3018A397D4D5427D15BD1330B677DC8934285AC3DF45A9EB68FF8F2B8FC0A509AFEECFD0FF2DE25CC6047F7214B195F07EFEB9A094D800F7BFAE8FED187B78EA8A3A400F115961BCAD1215E47C966530AF0EE8128FE
310
58CEBB996A8964FFA529A046635D9353B0336A8F700DDF46271A024E70B0B37C9DE01847591E54DED53D54202AB947E4076556AC49C6CA5C9E1226B7F1A7B1BE15DEED62C41B91E1B3E9AFAAA735036547343A925075041DF0A9979E893B391F8FCFA6967B3EFB644DCF6E5CEBFAE272625DCC6FAF3FB93793C5F90CE1EF57
310
407342756B10D1C489E8953CD1617E5CEECAD6F4EF8914CE5D5D504E5C3F1F9736DA62CFC11E00BCDDB8CC8A9466349744C1F75EBDA4DF09BA8A9E8C7A7E9991989E20E5DBDD6A6003664ED8F7A04A8DBE0DF6EAD9B9AA858342E47399053949D2C146EDB85DE4B176BB0965FBAC19BD19AA918E27FA50C1D22402E144464C
310
59462568E704B6E71915404CB72B8FF4EDE184DDAF753F284990D2C6926782963815403548A70C657FDEF80D2D9CEAA2AE4C1C76F60BFE74219A06527D6582DF6412526107381E55E353090704D085B52408D0933C4ED159D79BDA71BB4BC506F4831350EB6F979CD22D69BF7AC49B91A2C0A9DDA3D5CA36AD20FC478E37E6
310
1844E2352865EBCB6EA275A652E3836BE04EFB400BF1A2556F515F1FBB35B2AB35BD889C744FFA1004B5544B121E57F70215746DD2F5E2C1412B602CBF19455AC6C8E5E9922C4E01E65215385004546899059180EAFCF7A707CE7017CD8CDB0410789AB32C63B91E5CEBBBACB17AC6CD347A022D5075FD106377347AAABA7E
310
7D11590744509B44E205134DC1290F06580320F78E537D3D73540E06CB970B431F185308AD40BBD794D6D77003C5A36E8EAA54BA64597CD8F83BD552A080A365F7FF06504B0304140006080000CC70623B000000000000000000000000350000006662782F39464131463745442D413632322D343644302D413938332D3331
310
353338454246344243312F76657274696365732E62696E504B0304140006080800CC70623BF270F1330600000004000000360000006662782F39464131463745442D413632322D343644302D413938332D3331353338454246344243312F747269616E676C65732E62696E636660600000504B0304140006080000CC70623B
310
000000000000000000000000370000006662782F39464131463745442D413632322D343644302D413938332D3331353338454246344243312F617474726962757465732E62696E504B0304140006080800CC70623B08DA0BD19000000041010000360000006662782F39464131463745442D413632322D343644302D413938
310
332D3331353338454246344243312F6469726563746F72792E786D6C858F410AC3201045AF22B36F53E9A60B35CBEEBAE80D244E44489C6234F4F835464A48035D0DF398FF9F8AF63D0E6CC63039F212F8F9020C7D47C6792B21C5FE7403D62A1188E2E60C98D7234A5830286103A55745067B9D86B8A3CF9C7F90C11DE607
310
FB144396D7B6A82D282E9A152AD114D5EF2CB866EEE831B8EEA07A7BB5A8D7D61A2BAAEB7FD5F70921FF497D00504B0304140006080800CC70623B0D6EF93BFE000000A00100003B0000006662782F39464131463745442D413632322D343644302D413938332D3331353338454246344243312F7265736F75726365732F63
310
6F72652E786D6C8D50596E833010BD0A9ADFCA60B334011947A8694ED00B586642AC041B79A97AFC9A40A5F6AF3F33A3B7689E1E3F7DCD8FEC139DD7D6F4C0720A191A65476DA61E62B892236427C19DB5E1970C322367EC618541F0C9D9B8EC90B226A009093576C41D94DE63804C3DD2D18357379C652E63480A7FCF17A9
310
EE72C29CE5894E3AC17D702940B63D59270887DE46A7D0F36263058F518FBB468FE9A7BE6A7420864373B8D4873369AA8691FA421B3294352543C5CAF65C0F6FEF43CB8BD52C78D0F34F46E550061C419494B6843142CB0F5677F4B52BEB177AEC28E5C52AFF638ACBF84F53D42654E51E77B379102C05791282176B5F693D
310
CB4C7BED567C03504B010214000A0000080000CC70623B3DEE336E79000000790000001B00000000000000000000000000000000006175746F6465736B2D64657369676E2D7061636B6167652E786D6C504B01021400140006080800CC70623BD486FD9CA0000000F40000001300000000000000000000000000B20000005B
310
436F6E74656E745F54797065735D2E786D6C504B01021400140006080800CC70623B1EC5D7A3EB0000007C010000080000000000000000000000000083010000636F72652E786D6C504B01021400140006080800CC70623B55019EA25F0000007C000000070000000000000000000000000094020000636E782E786D6C504B
310
01021400140006080800CC70623B8C9102E971010000D40300000C00000000000000000000000000180300006662782F636F72652E786D6C504B01021400140006080800CC70623BFFEA85907E0000009D0000000B00000000000000000000000000B30400006662782F636E782E786D6C504B01021400140006080800CC70
310
623B4FEEA4082C0100001202000031000000000000000000000000005A0500006662782F39464131463745442D413632322D343644302D413938332D3331353338454246344243312F636F72652E786D6C504B01021400140006080800CC70623BAD7543B64E010000330300003000000000000000000000000000D5060000
310
6662782F39464131463745442D413632322D343644302D413938332D3331353338454246344243312F636E782E786D6C504B01021400140006080800CC70623B16AB87BA640500003C1000003400000000000000000000000000710800006662782F39464131463745442D413632322D343644302D413938332D3331353338
310
454246344243312F6F626A656374732E786D6C504B01021400140006080000CC70623B0000000000000000000000003500000000000000000000000000270E00006662782F39464131463745442D413632322D343644302D413938332D3331353338454246344243312F76657274696365732E62696E504B01021400140006
310
080800CC70623BF270F133060000000400000036000000000000000000000000007A0E00006662782F39464131463745442D413632322D343644302D413938332D3331353338454246344243312F747269616E676C65732E62696E504B01021400140006080000CC70623B0000000000000000000000003700000000000000
310
000000000000D40E00006662782F39464131463745442D413632322D343644302D413938332D3331353338454246344243312F617474726962757465732E62696E504B01021400140006080800CC70623B08DA0BD190000000410100003600000000000000000000000000290F00006662782F39464131463745442D413632
310
322D343644302D413938332D3331353338454246344243312F6469726563746F72792E786D6C504B01021400140006080800CC70623B0D6EF93BFE000000A00100003B000000000000000000000000000D1000006662782F39464131463745442D413632322D343644302D413938332D3331353338454246344243312F7265
310
736F75726365732F636F72652E786D6C504B0506000000000E000E0080040000641100000000
  0
DICTIONARY
  5
1F9
330
ED
100
AcDbDictionary
280
     1
281
     1
  3
FBXASSET
360
1FA
  0
XRECORD
  5
1FA
102
{ACAD_REACTORS
330
1F9
102
}
330
1F9
100
AcDbXrecord
280
     1
 70
     1
 90
429727718
  1
D62C5603-E3A1-4AEA-B7FB-FE5D8D0755AF
310
504B03040A0000080000CC70623B3DEE336E79000000790000001B0000006175746F6465736B2D64657369676E2D7061636B6167652E786D6C3C3F786D6C2076657273696F6E3D22312E302220656E636F64696E673D227574662D3822203F3E3C666F726D6174733E3C666F726D61743E687474703A2F2F736368656D612E
310
6175746F6465736B2E636F6D2F64657369676E2D7061636B6167652F323030393C2F666F726D61743E3C2F666F726D6174733E504B0304140006080800CC70623BD486FD9CA0000000F4000000130000005B436F6E74656E745F54797065735D2E786D6C7D8EC10E82300C865F65E91D8A1E8C310C0EEA1BF002731658846E
310
D98AC1B77784ABF1D8FE5FBFBF75BBCE937A534CCEB38643598122B6FEE978D0B0485F9C41B54DDD7D022595594E1A469170414C76A4D9A4D207E29CF43ECE46F218070CC6BECC4078ACAA135ACF422C856C0E68EA1BF5669944DDD7BCDE7B1F8E415D77AECB980613C2E4AC91FC167A2B244592486606FC29C8FD7F045B9A
310
EF7053A7E60B504B0304140006080800CC70623B853B8169EB0000007C01000008000000636F72652E786D6C8D90416EC3201045AF62CDB6C206821CC7C244919D9CA01740401C94182C03558F5F9C3852BBEB6A467FFE9B197D7EFC9E1EC5975982F5AE035262288C535E5B377690E21535501C055FBC8FBF6C503839990E
310
5619041F179FE64D52DE45E362569DD7661365082642A11EB9E920A89B99642953CC8E702F67A9EE7234257977194EC9EAE275C4EABCCF5EAD5940D4AC6F0E35A568B8F43562CD7046CD199FD07E60174276A7BE677B5EADB0E0D14EEFFB6A31321A0D82627C4084204C3F096B71DD52F6819B16635EADF63F509AF53FA164
310
5DDCD1EDDD17164090FCC8732078B56691CB33A85CD7DCC40F504B0304140006080800CC70623B55019EA25F0000007C00000007000000636E782E786D6C4DCB3B0E80201045D1AD90E915ED2CF8AC45050C11660C8261F98AB1B07AC9C97D42D718D865D3E909258CFD00CCE24AC6E326A164D74DC0B4128928FF32603847
310
2BA13128B1252AC747C6BAB984FC68F0B87FE8960A5C09FE86CFB69FBA01504B0304140006080800CC70623BDBABAAF470010000D40300000C0000006662782F636F72652E786D6CC553D16E823014FD95A6AF4B694182CC941A83FA05FB810A9511A125A5257EFE2E82712ECEB8A7F100CD39F7F69E734AF9FADC366850B6
310
AF8DCE7018308C942E4C59EB2AC3DE1D498AD15A706B8CFB56869196ADCAF00863C12B6B7C374385D14E6907A836A59A41D9F7CA615434B0C8705F7CAA5606D23BA8E84F41278B93AC54100640439DE0BDB320004D43C63716C7C399D30917DCFBBA9CD9BA8469F5B156168B24CED3F7248AC8769F27244EB73B92EED8862C
310
B7F13E0C179B3C8F979C8ECD82BBBABDAA2BAC924E9558448CBD9330242CFA08E3154B5651FCC6D215639C8EE5774DBE2B5F6CF2B5768B68963BB5F5588420E442FC700B1139D4CB01F450C1E918227C2E09DF070D8140C84E1E9AAB8F1340832A9CB13130A5F1376A908D57309505ECF2A0DF179C4E9D30F5B239B87E3823
310
7A79C6F31DE1A8A5AEC08474B03C7837EAE4938639B44E5932B833D2C6B6B279CDC613877FA26EE21F4A2A4C63EC7F29A2F301D1F9F7A0E37D145F504B0304140006080800CC70623B9C113CC27E0000009D0000000B0000006662782F636E782E786D6C4DCCDF0A83201C86E15B91DFB94BFB330DD428C8FB886521330DA7
310
6397BF1A1DECE883878F57749FCDA1B7892F1BBC047A23808C7F84D9FA55424E0BE6803A256208E9EF06C84F9B91703228B1C690F78B66B34CD9A5439DF5CF0BFBF65E35BCA1B8D6A5C6F540381E886698B5741C695F9503EBA150A2F8958E3DC3EA0B504B0304140006080800CC70623B7DF2F77C2A010000120200003100
310
00006662782F41393633353835312D344632462D344230382D423046372D3739314545314133324237412F636F72652E786D6C8D51DB8EC22014FC15C2939B0D2DB4B45643319AE817EC0F6041255A68B86CFCFC856D4D76DF7CE190393373060EDB3DC707F856CE6B6B7A480A0C81328395DA5C7B18C3057510EC3873D686
310
3F34088C18550F330C39BB3A1BA7051AAC09CA84841A2BD5020AEF55806078A44B0FFD7053A328440C89E1EFC52486BBB8AA8214A99D789CF9E05200300FC927E4FB4D5B375D43103D5527440FB843077C5AA3F5861C8F645F5787F59E95B390B318B55CE45AA638FAA2957BD7248B390B7A7CC51F9C124149C82B8C378810
310
84AB2F42B7B8DD56F413775B8C5999E9FF4471926F8AA236A1AE96B8B3CC434E5839373893369E1FAF30EA395917409EB7F26AF8801C171837A4A6AC9C89E9F9C9B1A58BA30FD6A5EF5DDDCF894B9AD9B6A59C957943A9FCAE2FD5BC4DFE03504B0304140006080800CC70623BAD7543B64E01000033030000300000006662
310
782F41393633353835312D344632462D344230382D423046372D3739314545314133324237412F636E782E786D6CD593CD6EC32010845F0571AD6CE3D48AD20813A9873E410FBD12D82434182C7EAAE6EDBB2424CD25871E7B41D6EC30B3FA84F9E67BB2E40B4234DE8DB46F1925E094D7C6ED479AD3AE5951B2113C789FEE
310
6C943839C1488B4C05DF079FE72A69D8C96C13AAD6B8631503449F83828872B949AC57D26200B826A308D316B4064D6E46FCDA41C05550DC9E483A00797BFD207EFB092A45DE9514C1BBD22178396BD39D891265658C238DEA00936C654E5E433CB65A26D9F6EDB5EBC14EBF49A45CB856E66048291F6939A9A81BB5C89177
310
38143CA680F4AA299D66A042CEB3354A2684DC9D8D178FE0D9B8B41CAAD720F880EE7EF93C0C18769E099ECC04D5A102C8049A8A05632F4DDF376CF1DE0F6BB65C2F8627B65A33C6BB62177CEBBDAD973006829F89F22E814B54F4BC2BE347F8AA8F681390B50FA73F804400B5F542E796F19FF974E7F78DB802FE05E20750
310
4B0304140006080800CC70623BE75B7789680500003C100000340000006662782F41393633353835312D344632462D344230382D423046372D3739314545314133324237412F6F626A656374732E786D6CAD575B8F9B3818FD2B887D06C22499CB8AA1CA655245D5B455A356FB305264C061D8018C6C3393D95FBFC7600890
310
A4CD5EF210B0B1BFEBF98E3F7B1FF6596ABC522E1296DF9BAE3D320D9A872C4AF2F8DE2CE5CEBA358D0FBEC719939D65A691938CDE9B6ADAF4BD98B3B2D05311DD91329583D9D5FC0F438434A7A611A644887B5384CF34233629258BA878B12322891DEFF6B66BD70BFB62634E8AE781D082709A4B588AF91C528CDA28B73F
310
1C998EEF39EABBEFA97FBD6A7C7E9553F9D3D79FE442923C3C523610337627CB87ABE99D359D4CC6D6E4FACAB5E6ABF9D2726FC6A3C5F56271377BB88362213924694B38DD99FE47C48627A1E7D49F5A8BB5E1A74C0A599ED3B0F21F1E56366B89112D681E218F0915D0D6F17AD41FBA2A369DCF6335D62ABBD39779D5DDD1
310
11D4D8DE3CBB96B2E04FB8202E41051754A1AA8E8F76B4C6DFE810B580B1547F4B84911149794252234D024EF8BBE963A95AE27B3D310A9D5C215C7960FAEE415ED75694C6AFB17BCACA5D99A60A9AA65F217B0BFC53292ACB92BF283FAD0D3621576592CB5BED907C2FA8E9DF794E35E97BEA31BED21FEB401ABB94C44839
310
DCACBF0E1C5DA8DA5B2F4DFFD32AD86F543D9E565E7056502E157C00AD2671CD534549AB752FCA9CDA00677A313F04E51B22FF19E57B300579E3C97EB29F682D92935CEC18CF901B7B54FD8C51F362B56FC72FE0B3C1EAE335EDCCBF5AEC39ADB17DC238973F804BA5E6F6BFE7AF1FB32E523BE9F3BD571418E3631DCA4D48
310
5250CF639223210A9446CA30052EDF057BD35F8329C1ECD84552BF0DC8D18BE7BCE23BFE6BD960AB4A7DE79923A103BEBD80F911CBAA2C60DB19B01CF164A5583B772EE6D3FFA56666CBCDA74DC97724A48F9A58967497E489C4D979006FD7A05E227A1EBDD0F737C623387A9C844D3709995625106D157315F8B8392CD4E0
310
A0B9A720C4BE9829CEF37EA1E13111214D53925356365ADA634861B52519DD27A00AEB808EAF0628E6F435519D446F45CF2C9CF5214F0A15B2F6D06B79DA3EE3CBF7F56780D2F4E7EF73A0F5E5B02A38D07DC852C6B7C1FBB6664213E0C39E3EBA7FF4E1AD23EA2829407C85E586727488B751B2DB9502BC7B228A3FD68B6E
310
A65A22397E690AA8D158D7E404EC8CDA235CC3B7D1898680131CEC2CDF2638C65196279577750F15884AEE19F94199155B92B13297978469D4F8D358DF0AEF7631E28DC8F0D9F437D5D39A83B2231A1D52D543813A824EF8D44BCFF2FA6A31BD1E8DAD87F1CCB526B3879935BF59CDADD5C37479BB1CDD4CA7B3556B516589
310
EF352754B706114D9C885EC9131DE6EFEB43D99AFE2391C2F958179413D7CFEF6B1B6DB1E7600F00DE6E5C67454A339A4BA2E0FBA85ED26F045D454F463DBFCE484C2F90F2E5E3666003662ED8F755951A7D1BECD5B30B550B2785C8E7320B7292A4838DDA71BBC863ED7613CAF659337A3354231D4FF4A182A54904C2898C
310
98B28C4AD0CE056CCF332A80986E571EE9DBC305BB5FEB7E509220A58D25CF042D712A806AC0AD0C657FDEF80D2D9CEAA2EE4D1C76F60BFE74219A06527D6F82DF6412526107381E55E353090704D085B52408A8913C4ED159D79BDA71BB4BC506F4831350EB6F975CD22D69BF7AC49B91A2C0A9DDA3D5CA36AD20FC478E37
310
E61844E2352865EBCB61A275A65283CAAA9DD27703B4102F5AF51EF5F573B75CBB5AD38BC845F7A49F82A0966A49C2E3EA5EA0ECD326CD965F1DB402C6FA8B51A4658C5C5E2EC9E214602E55810345408596591009A82E7E7FFACA19EEA299B14A0081A705CB3296EBC14CDF658DCD336EA6D1136881AAEB87B81AB9EE53D5
310
F5EB8BC8362082DA24122F98680A4E7930C01A0079749CEA14382A0783E5EBA5A10F8C098456A03D6A4AEB6BB881E2513747552A5DB22C7EDAF83BD5528081A365F7FF06504B0304140006080000CC70623B000000000000000000000000350000006662782F41393633353835312D344632462D344230382D423046372D37
310
39314545314133324237412F76657274696365732E62696E504B0304140006080800CC70623BF270F1330600000004000000360000006662782F41393633353835312D344632462D344230382D423046372D3739314545314133324237412F747269616E676C65732E62696E636660600000504B0304140006080000CC7062
310
3B000000000000000000000000370000006662782F41393633353835312D344632462D344230382D423046372D3739314545314133324237412F617474726962757465732E62696E504B0304140006080800CC70623B08DA0BD19000000041010000360000006662782F41393633353835312D344632462D344230382D4230
310
46372D3739314545314133324237412F6469726563746F72792E786D6C858F410AC3201045AF22B36F53E9A60B35CBEEBAE80D244E44489C6234F4F835464A48035D0DF398FF9F8AF63D0E6CC63039F212F8F9020C7D47C6792B21C5FE7403D62A1188E2E60C98D7234A5830286103A55745067B9D86B8A3CF9C7F90C11DE6
310
07FB144396D7B6A82D282E9A152AD114D5EF2CB866EEE831B8EEA07A7BB5A8D7D61A2BAAEB7FD5F70921FF497D00504B0304140006080800CC70623BEDD1DC58FD000000A00100003B0000006662782F41393633353835312D344632462D344230382D423046372D3739314545314133324237412F7265736F75726365732F
310
636F72652E786D6C8D504B6E833010BD0A9A6D65B00922041947112427E8052C33A156828DFCA97AFC9A40A576D7CDCCE87D344F8F9FBFE667F689CE6B6B3A6039850C8DB2A336530731DC4903D95970676DF82583CCC8193B5861107C72362E3BA4AC096842428D1D7107A5F7182053CF7474E0D507CE32973124857FE48B
310
540F3961CEF244279DE03EB81420DB9EAC1384436FA353E879B1B182C7A8C75DA3C7F453DF353A1075D537A7BA6464B8F535A99AE14A9A2BBD90E350DD183B5CFABE3AF262350B1EF4FC9351399401471025A527C218A1E53BAB5A5AB765F5469B96525EACF23FA6B88CFF34456DC2A1DCE36E360F82A5202F42F062ED2BAD
310
579969AFDD8A6F504B010214000A0000080000CC70623B3DEE336E79000000790000001B00000000000000000000000000000000006175746F6465736B2D64657369676E2D7061636B6167652E786D6C504B01021400140006080800CC70623BD486FD9CA0000000F40000001300000000000000000000000000B20000005B
310
436F6E74656E745F54797065735D2E786D6C504B01021400140006080800CC70623B853B8169EB0000007C010000080000000000000000000000000083010000636F72652E786D6C504B01021400140006080800CC70623B55019EA25F0000007C000000070000000000000000000000000094020000636E782E786D6C504B
310
01021400140006080800CC70623BDBABAAF470010000D40300000C00000000000000000000000000180300006662782F636F72652E786D6C504B01021400140006080800CC70623B9C113CC27E0000009D0000000B00000000000000000000000000B20400006662782F636E782E786D6C504B01021400140006080800CC70
310
623B7DF2F77C2A010000120200003100000000000000000000000000590500006662782F41393633353835312D344632462D344230382D423046372D3739314545314133324237412F636F72652E786D6C504B01021400140006080800CC70623BAD7543B64E010000330300003000000000000000000000000000D2060000
310
6662782F41393633353835312D344632462D344230382D423046372D3739314545314133324237412F636E782E786D6C504B01021400140006080800CC70623BE75B7789680500003C10000034000000000000000000000000006E0800006662782F41393633353835312D344632462D344230382D423046372D3739314545
310
314133324237412F6F626A656374732E786D6C504B01021400140006080000CC70623B0000000000000000000000003500000000000000000000000000280E00006662782F41393633353835312D344632462D344230382D423046372D3739314545314133324237412F76657274696365732E62696E504B01021400140006
310
080800CC70623BF270F133060000000400000036000000000000000000000000007B0E00006662782F41393633353835312D344632462D344230382D423046372D3739314545314133324237412F747269616E676C65732E62696E504B01021400140006080000CC70623B0000000000000000000000003700000000000000
310
000000000000D50E00006662782F41393633353835312D344632462D344230382D423046372D3739314545314133324237412F617474726962757465732E62696E504B01021400140006080800CC70623B08DA0BD1900000004101000036000000000000000000000000002A0F00006662782F41393633353835312D344632
310
462D344230382D423046372D3739314545314133324237412F6469726563746F72792E786D6C504B01021400140006080800CC70623BEDD1DC58FD000000A00100003B000000000000000000000000000E1000006662782F41393633353835312D344632462D344230382D423046372D3739314545314133324237412F7265
310
736F75726365732F636F72652E786D6C504B0506000000000E000E0080040000641100000000
  0
XRECORD
  5
1FB
102
{ACAD_REACTORS
330
173
102
}
330
173
100
AcDbXrecord
280
     1
 70
     0
 90
1673772943
  1
ECE7A1D2-D628-4531-984C-D00F80459256
310
504B03040A0000080000CC70623B3DEE336E79000000790000001B0000006175746F6465736B2D64657369676E2D7061636B6167652E786D6C3C3F786D6C2076657273696F6E3D22312E302220656E636F64696E673D227574662D3822203F3E3C666F726D6174733E3C666F726D61743E687474703A2F2F736368656D612E
310
6175746F6465736B2E636F6D2F64657369676E2D7061636B6167652F323030393C2F666F726D61743E3C2F666F726D6174733E504B0304140006080800CC70623BD486FD9CA0000000F4000000130000005B436F6E74656E745F54797065735D2E786D6C7D8EC10E82300C865F65E91D8A1E8C310C0EEA1BF002731658846E
310
D98AC1B77784ABF1D8FE5FBFBF75BBCE937A534CCEB38643598122B6FEE978D0B0485F9C41B54DDD7D022595594E1A469170414C76A4D9A4D207E29CF43ECE46F218070CC6BECC4078ACAA135ACF422C856C0E68EA1BF5669944DDD7BCDE7B1F8E415D77AECB980613C2E4AC91FC167A2B244592486606FC29C8FD7F045B9A
310
EF7053A7E60B504B0304140006080800CC70623BD9DDAED0EC0000007C01000008000000636F72652E786D6C8D90416EC3201045AF82665B61836D9CD8C2444DD39CA01740405C94182C03558F5F9C3852BBEB6A467FFE9B197D7EF89E6EE8CB2CC17A37002D0820E394D7D68D03A478C17B4007C117EFE32F1B20272733C0
310
2A83E0E3E2D3BC49CABB685CCCAAF3DA6CA20CC14440EA969B0182FA34932C648AD911AEC52CD5558EA6A0CF2EC329598D1E47ACCEFBECC59A050463A7EA5833865FEBDD0E37353BE3EE8DBDE3F6786A48D375FBF6CC78B9C282473B3DEFABC5C86834888A900E538A49F5419B9EB47DD5BC907D4F082F57FB1F28CDFA9F50
310
B22ED6D5F6EE030B20687EE43E10BC5CB3C8E51E54AE6B6EE207504B0304140006080800CC70623B55019EA25F0000007C00000007000000636E782E786D6C4DCB3B0E80201045D1AD90E915ED2CF8AC45050C11660C8261F98AB1B07AC9C97D42D718D865D3E909258CFD00CCE24AC6E326A164D74DC0B4128928FF326038
310
472BA13128B1252AC747C6BAB984FC68F0B87FE8960A5C09FE86CFB69FBA01504B0304140006080800CC70623BA24EB22D72010000D40300000C0000006662782F636F72652E786D6CC5535B6E833010BC8AE5DF0A6C5E49888CA3A6694ED00B38E05014B091B1518EDFE511A5A9D228FD2A1F60CDEC7A67C6986DCE4D8D7A
310
69BA4AAB0C073EC548AA5C17952A33ECECD15B61B4E1CC686DBF9561A44423333CC098B3D268D7CE50AE9595CA02AA74216750749DB418E5352C32DCE59FB211BE70162ABA93DF8AFC244AE9073ED050C759670D0840D390E18DF9F1706664C23973AE2A66B62A605A75ACA4C13C4976E1364A12EF355A2EBD384AF65EFA96
310
BC7B8BED2EA6719AAE16FB8491A199335B351775B991C2CA02F390D2D40B028F861F41BCA68B7518BFD0D59A524686F29B26D7164F36B94AD9289CE54E6D1DE6010819891F6E21228B3AD1831EC219194284CF98F06DD01008846CC5A1BEF83801D4CBDC6A1303536877A57A513B0953A94FC707FDBE6064EA84A9E3E6E0FA
310
EE8CF0E9198F7784A316AA0413C2C2F2E0ECA0934D1AE6D05A69BCDE9E91D2A611F573361E38FC1375157F5752AE6B6DFE4B11990F88CCBF0719EE23FF02504B0304140006080800CC70623B408A7D3B7C0000009D0000000B0000006662782F636E782E786D6C4DCCD10A83201886E15B91FFDC552A92A0064DBC8F581632
310
D3703A76F9ABD1C18E3E78F878E5F0D9027ABBFCF2292AE86E2D20171F69F6715550CB827B40839639A5F2770314A7CD293819B45C73AAFB45B35BA61ACAA1C1C7E7855C58C15BC331339661262CC762340413D68D77DA5B42298546CBE6573AF60CEB2F504B0304140006080800CC70623B449FB9BD290100001202000031
310
0000006662782F36394639363044362D344446342D343946362D394244322D3234314243333846323333332F636F72652E786D6C8D515B6EC32010BC0AE22B55850D98B871848994463E412FE002495162B07854397EA176A4F62F3F2C9A9D991D587EB84F37F0AD7D30CEF6905418026DA553C65E7A98E219ED203808EE9D
310
8B7F6810D871D23D2C3014FCE25D9A57483A1BB58D19B54EE9151C43D0110279CB971E06F9A5A7B11A53CC8C70ADE6515EC78BAE4895DB992778883E0700CB907242D17643D7E2538BD869608875438BBAE38922CAC8F1BDD90DB4691A5E2F42C153326A951B95E398B3D1FE599322163C9AE9115F7A3D46ADA0A018778810
310
84E907617BDCEE297BC5BB3DC6BC2EF47FA234AB2745C9D8D8D035EE220B50105E2F0DC1954B9FB747187D9F9D8FA0CCDB042D5FA0C015C65B42DF78BD10F3F3B363CB56C7109DCFDFBBB97E662ED92EB62D13BC2E1BCAE5777DB9966D8A1F504B0304140006080800CC70623BAD7543B64E01000033030000300000006662
310
782F36394639363044362D344446342D343946362D394244322D3234314243333846323333332F636E782E786D6CD593CD6EC32010845F0571AD6CE3D48AD20813A9873E410FBD12D82434182C7EAAE6EDBB2424CD25871E7B41D6EC30B3FA84F9E67BB2E40B4234DE8DB46F1925E094D7C6ED479AD3AE5951B2113C789FEE
310
6C943839C1488B4C05DF079FE72A69D8C96C13AAD6B8631503449F83828872B949AC57D26200B826A308D316B4064D6E46FCDA41C05550DC9E483A00797BFD207EFB092A45DE9514C1BBD22178396BD39D891265658C238DEA00936C654E5E433CB65A26D9F6EDB5EBC14EBF49A45CB856E66048291F6939A9A81BB5C89177
310
38143CA680F4AA299D66A042CEB3354A2684DC9D8D178FE0D9B8B41CAAD720F880EE7EF93C0C18769E099ECC04D5A102C8049A8A05632F4DDF376CF1DE0F6BB65C2F8627B65A33C6BB62177CEBBDAD973006829F89F22E814B54F4BC2BE347F8AA8F681390B50FA73F804400B5F542E796F19FF974E7F78DB802FE05E20750
310
4B0304140006080800CC70623B8D05915C650500003B100000340000006662782F36394639363044362D344446342D343946362D394244322D3234314243333846323333332F6F626A656374732E786D6CAD575B6FA33814FE2B887D06429276DA1565D4266D158D3A339A6846FB502932E050B66023DB74D2FDF5FB190C01
310
9276B2973C046C8ECFF53B17071F77456EBD502133CEAE6CDF9DD81665314F32965ED995DA3A17B6F5310C04E7AA47665B8C14F4CAD6DB7618A48257A5D94AE89654B91AEDDEDDFC61C998326A5B714EA4BCB265FC440BE2924AF184CA6737218AB8E976E7FA6E4338649B0A523E8D98964450A6A029F619B8588D52FE7039
310
B1BD30F0F4F730D0FF866AF6369557DB33949F31A9088B0F848DD8CCFCF9F2767A76E99CCDE733677E3EF59D9BBB9BA5E37F984D16E78BC5E5F5ED25044B25C0C96822E8D60EEFE11B91C581D77CEA34368A1F5329E68CD1B8B61F16D63A1B8E092D294B10C78C4A48EB593D192E7DED9BDEE7995E1B91FDEDD3ACEA9FE831
310
6A756F9F7D4D79F4274C90A7A04248AA51D5F8C718DAE06FB2F75AC4796EBE65D22A88A22223B995679120E2D50E41AA49C260C046A35368846B0BECD0DFF3EBEB8AD4F835768F69B9ADF25C43D30E6B646F807FAA64AD59F61715C7A54127C4AACA98BA3006A9D792DAE165E0D59B61A01FB3A9F9D838D2DAE62445C86166
310
F37564E842E7DE6A69879FEEA2DD5AE7E371E1A5E025154AC307D06A03D73EB5978C58FFA4C8E9033066E0F3BD53BEC1F39F91BE7B55103791EDE6BBB991A2046172CB4581D8B893FA674DDA17A77B3B7C413D1B511FD2743BFF8A38F03A658705E3ADF8015C3A3417FF3D7E439FF591DA0B5F18BC20C1B8981957AE6392A3
310
F43C640C01D1A0B4728E2DD4F26DB4B3C3152A252A3B4E913CEC1C72F012782FF88EFF8637AA552DBEF76408E8A8DE9E50F9E1CB3A2DA0DB1B6039A893B56063DC5B3E3FFB5F72E67AB9FEB4AEC496C4F4C1149625DD662C53E89D7BF0F6151A046260D1337DFDC94502430F83B0EE07A130A224BCAD7DAE1D9FB6CD422FF6
310
920702629C4BB9AE79C12F243C6432A6794E18E5552BA56B431AAB5D91317302B2B071E86C3A42B1A02F999E24061403B5D0EB639195DA655DD3EBEAB4FB862DDF579F014AD0E73C22F99E28DA57FB98E75C6CA2D74D53086D600F4786E0FE3144B771A8A7B900F03594DB8A633CBC49B2EDB69228BB479CF863B5E807AAAB
310
23872F6DFEB4129B949CA33823F58830E86D65621E10047D9DB34D862E8EAC3C2ABC2F7B2C40D67CDFE01F5545B92105AF983AC54D93D69E56FB8E797F88913F898A9FEC705D3F9D1B54EC8426FB500D40A03BD0119B06E1B95DDC7EB8F6975367793EBD70E66733DFB9BC982F9CE564727731999F5D4ECFCE3B8D6A4DC2A0
310
6D50FD148437D110834A64C6CDDF57FBACB5C307A2A477DFE4939736CFEF2B175371E0E10CF0DD1D5C15654E0BCA14D1E87DD02FF93782A162C0A3D95F1524A52770F972BF1EE9809D13CE7DD599467F8ECE9ADD85CE85A34CD45355448C64F9E8A031DC2D596ACC6E5DD93D9B82DE2EF5CAF81363A8E47996A0DE24564A79
310
4115AACE09C55E14540231FDA13C319787134EBF34E3A022514E5B4D9E0826E25C02D5805B15ABE1BEF51B26383D445DD9E875EE33FE4C22DA16427D65A3BCA92CA6D28DD01DF5DC53330704308475351050232CCD31583787BA75774AFB06E5070DD0C8EF484E19968C5D83BA5B90B244D31E54D55A372320FE4786B7EA58
310
44E135AA5467CB7EA333A61683CC6A8C3257034C10CF46F40EF9F5BE59BE5BD30C3C72D235E95D10345C1D45445A5F0BB47E46A5EBE5570F9380B5FA629579952296A773720405982B9DE04011506178964401AA8BDF1FBF0A8EAB6861DD6580C0E38217056766716DAEB2D6FA0917D3E4116581EADB879C4E7CFFB11EFACD
310
3D641311495D92C8676CB409A72D18610D803CE8A626049E8EC1887CB5B44CC39883690DDA8399B4B9855B481E7D71D4A9D22F96E5BB73BF5793020C02137BF837504B0304140006080000CC70623B000000000000000000000000350000006662782F36394639363044362D344446342D343946362D394244322D32343142
310
43333846323333332F76657274696365732E62696E504B0304140006080800CC70623BF270F1330600000004000000360000006662782F36394639363044362D344446342D343946362D394244322D3234314243333846323333332F747269616E676C65732E62696E636660600000504B0304140006080000CC70623B0000
310
00000000000000000000370000006662782F36394639363044362D344446342D343946362D394244322D3234314243333846323333332F617474726962757465732E62696E504B0304140006080800CC70623B08DA0BD19000000041010000360000006662782F36394639363044362D344446342D343946362D394244322D
310
3234314243333846323333332F6469726563746F72792E786D6C858F410AC3201045AF22B36F53E9A60B35CBEEBAE80D244E44489C6234F4F835464A48035D0DF398FF9F8AF63D0E6CC63039F212F8F9020C7D47C6792B21C5FE7403D62A1188E2E60C98D7234A5830286103A55745067B9D86B8A3CF9C7F90C11DE607FB14
310
4396D7B6A82D282E9A152AD114D5EF2CB866EEE831B8EEA07A7BB5A8D7D61A2BAAEB7FD5F70921FF497D00504B0304140006080800CC70623BCA768048FE000000A00100003B0000006662782F36394639363044362D344446342D343946362D394244322D3234314243333846323333332F7265736F75726365732F636F72
310
652E786D6C8D50596E833010BD0A9ADFCA60D600328E9AA639412F609909B1126CE4A5EAF16B0295DABFFECC8CDEA2797AECF8353F924FB44E193D409E5248504B332A3D0D10FC95B4901C39B3C6F85F3248B49871801506CE266BC2B243D2688FDA47549B11775038871E12F988C7004EDE7016A9083E2ADC3D5D84BC8B09
310
D33C8D74D471E6BC8D0192EDC93A815B742658898E651BCB59086ADC356A8C3FD555A1055ED7E7E254D615792D0F075295F585746FF53B694EE78A565DD736979A65AB9933AFE69F8CD2A2F038022F28ED489E135A7CE4554F9BBEA85E68DB53CAB255FEC71496F19FA6A0B42F8B3DEE6673C0F318E4497096AD7DC5F52C33
310
EEB55BFE0D504B010214000A0000080000CC70623B3DEE336E79000000790000001B00000000000000000000000000000000006175746F6465736B2D64657369676E2D7061636B6167652E786D6C504B01021400140006080800CC70623BD486FD9CA0000000F40000001300000000000000000000000000B20000005B436F
310
6E74656E745F54797065735D2E786D6C504B01021400140006080800CC70623BD9DDAED0EC0000007C010000080000000000000000000000000083010000636F72652E786D6C504B01021400140006080800CC70623B55019EA25F0000007C000000070000000000000000000000000095020000636E782E786D6C504B0102
310
1400140006080800CC70623BA24EB22D72010000D40300000C00000000000000000000000000190300006662782F636F72652E786D6C504B01021400140006080800CC70623B408A7D3B7C0000009D0000000B00000000000000000000000000B50400006662782F636E782E786D6C504B01021400140006080800CC70623B
310
449FB9BD290100001202000031000000000000000000000000005A0500006662782F36394639363044362D344446342D343946362D394244322D3234314243333846323333332F636F72652E786D6C504B01021400140006080800CC70623BAD7543B64E010000330300003000000000000000000000000000D20600006662
310
782F36394639363044362D344446342D343946362D394244322D3234314243333846323333332F636E782E786D6C504B01021400140006080800CC70623B8D05915C650500003B10000034000000000000000000000000006E0800006662782F36394639363044362D344446342D343946362D394244322D32343142433338
310
46323333332F6F626A656374732E786D6C504B01021400140006080000CC70623B0000000000000000000000003500000000000000000000000000250E00006662782F36394639363044362D344446342D343946362D394244322D3234314243333846323333332F76657274696365732E62696E504B010214001400060808
310
00CC70623BF270F13306000000040000003600000000000000000000000000780E00006662782F36394639363044362D344446342D343946362D394244322D3234314243333846323333332F747269616E676C65732E62696E504B01021400140006080000CC70623B00000000000000000000000037000000000000000000
310
00000000D20E00006662782F36394639363044362D344446342D343946362D394244322D3234314243333846323333332F617474726962757465732E62696E504B01021400140006080800CC70623B08DA0BD190000000410100003600000000000000000000000000270F00006662782F36394639363044362D344446342D
310
343946362D394244322D3234314243333846323333332F6469726563746F72792E786D6C504B01021400140006080800CC70623BCA768048FE000000A00100003B000000000000000000000000000B1000006662782F36394639363044362D344446342D343946362D394244322D3234314243333846323333332F7265736F
310
75726365732F636F72652E786D6C504B0506000000000E000E0080040000621100000000
  0
DICTIONARY
  5
1FF
330
2
100
AcDbDictionary
280
     1
281
     1
  3
ACAD_LAYERSTATES
360
200
  0
DICTIONARY
  5
200
102
{ACAD_REACTORS
330
1FF
102
}
330
1FF
100
AcDbDictionary
281
     1
  0
DICTIONARY
  5
205
330
22
100
AcDbDictionary
280
     1
281
     1
  0
XRECORD
  5
216
102
{ACAD_REACTORS
330
C
102
}
330
C
100
AcDbXrecord
280
     1
300
ACD
300
2025
300

  0
DICTIONARY
  5
219
102
{ACAD_REACTORS
330
C
102
}
330
C
100
AcDbDictionary
281
     1
  3
Metric50
350
21A
  0
ACDBSECTIONVIEWSTYLE
  5
21A
102
{ACAD_REACTORS
330
219
102
}
330
219
100
AcDbModelDocViewStyle
 70
     0
  3
Metric50
290
     0
300
Metric50
 90
        0
100
AcDbSectionViewStyle
 70
     0
 71
     0
 90
      102
 71
     1
340
11
 62
     0
 40
5
340
0
340
0
 62
     0
 40
5
300
I, O, Q, S, X, Z
 40
10
 90
        0
 40
2.5
 90
        0
 71
     2
340
16
 90
       25
 62
     0
340
16
 90
       50
 62
     0
 40
5
 40
2.5
 40
5
 71
     3
340
11
 62
     0
 40
5
 90
        0
 40
15
 90
        1
300
%<\AcVar ViewSectionStartId>%-%<\AcVar ViewSectionEndId>% (%<\AcVar ViewScale \f "%sn">%)
 71
     4
 62
     0
 62
   257
300
ANSI31
 40
1
 90
        0
290
     0
290
     0
 90
        6
 40
0
 40
1.570796326794897
 40
0.2617993877991494
 40
1.308996938995747
 40
-0.2617993877991494
 40
1.832595714594046
  0
DICTIONARY
  5
21B
102
{ACAD_REACTORS
330
C
102
}
330
C
100
AcDbDictionary
281
     1
  3
Metric50
350
21C
  0
ACDBDETAILVIEWSTYLE
  5
21C
102
{ACAD_REACTORS
330
21B
102
}
330
21B
100
AcDbModelDocViewStyle
 70
     0
  3
Metric50
290
     0
300
Metric50
 90
        0
100
AcDbDetailViewStyle
 70
     0
 71
     0
 90
        3
 71
     1
340
11
 62
     0
 40
5
340
0
 62
     0
 40
5
300

 40
0
280
     1
 71
     2
340
16
 90
       25
 62
     0
 71
     3
340
11
 62
     0
 40
5
 90
        0
 40
15
 90
        1
300
%<\AcVar ViewDetailId>% (%<\AcVar ViewScale \f "%sn">%)
 71
     4
340
16
 90
       25
 62
     0
340
16
 90
       25
 62
     0
280
     0
  0
DICTIONARY
  5
2C1
102
{ACAD_REACTORS
330
C
102
}
330
C
100
AcDbDictionary
281
     1
  3
Coffee-Break Quality
350
2C5
  3
High
350
2C4
  3
Low
350
2C2
  3
Lunch Quality
350
2C6
  3
Medium
350
2C3
  3
Overnight Quality
350
2C7
  0
XRECORD
  5
2CA
102
{ACAD_REACTORS
330
C
102
}
330
C
100
AcDbXrecord
280
     1
300
{B581EC66-4CB1-A749-81F5-172D75878350}
301

302
{B581EC66-4CB1-A749-81F5-172D75878350}
303
D:\I2R\Job\AutoCad\EMA License Renewal\Easytentage Rental Pte Ltd\North Link Building #05-26 , 10 Admiralty St, S 757695\North Link Building #05-26.dwg
  0
DICTIONARY
  5
2DA
330
2D9
100
AcDbDictionary
280
     1
281
     1
  3
ACAD_SORTENTS
360
2DB
  0
SORTENTSTABLE
  5
2DB
102
{ACAD_REACTORS
330
2DA
102
}
330
2DA
100
AcDbSortentsTable
  0
DICTIONARY
  5
2E9
330
2E8
100
AcDbDictionary
280
     1
281
     1
  0
DICTIONARY
  5
652
330
651
100
AcDbDictionary
280
     1
281
     1
  3
ACAD_DIMASSOC
360
653
  0
DICTIONARY
  5
74A
330
749
100
AcDbDictionary
280
     1
281
     1
  3
ACAD_DIMASSOC
360
74B
  0
SORTENTSTABLE
  5
982
102
{ACAD_REACTORS
330
1CE
102
}
330
1CE
100
AcDbSortentsTable
331
97B
  5
0
331
97C
  5
0
331
986
  5
97C
  0
DICTIONARY
  5
A5B
330
A5A
100
AcDbDictionary
280
     1
281
     1
  3
ASDK_XREC_ANNOTATION_SCALE_INFO
360
A5C
  0
XRECORD
  5
A5C
102
{ACAD_REACTORS
330
A5B
102
}
330
A5B
100
AcDbXrecord
280
     1
 90
        1
340
10D
  0
DICTIONARY
  5
A5F
330
A5E
100
AcDbDictionary
280
     1
281
     1
  3
ASDK_XREC_ANNOTATION_SCALE_INFO
360
A60
  0
XRECORD
  5
A60
102
{ACAD_REACTORS
330
A5F
102
}
330
A5F
100
AcDbXrecord
280
     1
 90
        1
340
10D
  0
DICTIONARY
  5
A6B
102
{ACAD_REACTORS
330
C
102
}
330
C
100
AcDbDictionary
281
     2
  3
#COMPAREDIFFTOTAL
350
A6C
  3
#REVCLOUDAPPROXARCLEN
350
A6D
  3
ANNOALLVISIBLE
350
A6E
  3
CANNOSCALE
350
A6F
  3
CMLEADERSTYLE
350
A70
  3
CTABLESTYLE
350
A71
  3
CVIEWDETAILSTYLE
350
A72
  3
CVIEWSECTIONSTYLE
350
A73
  3
DIMADEC
350
A74
  3
DIMASSOC
350
A75
  3
DWFFRAME
350
A76
  3
HIDETEXT
350
A78
  3
HPCOLOR
350
A79
  3
HPTRANSPARENCY
350
A7A
  3
INDEXCTL
350
A7B
  3
LAYEREVAL
350
A7C
  3
LAYERNOTIFY
350
A7D
  3
LIGHTINGUNITS
350
A7E
  3
MLEADERSCALE
350
A7F
  3
MSLTSCALE
350
A80
  3
PDFFRAME
350
A81
  3
POINTCLOUDCLIPFRAME
350
A82
  3
PROJECTNAME
350
A83
  3
SOLIDHIST
350
A84
  3
SORTENTS
350
A85
  3
WIPEOUTFRAME
350
A86
  0
DICTIONARYVAR
  5
A6C
102
{ACAD_REACTORS
330
A6B
102
}
330
A6B
100
DictionaryVariables
280
     0
  1
8
  0
DICTIONARYVAR
  5
A6D
102
{ACAD_REACTORS
330
A6B
102
}
330
A6B
100
DictionaryVariables
280
     0
  1
6.000000
  0
DICTIONARYVAR
  5
A6E
102
{ACAD_REACTORS
330
A6B
102
}
330
A6B
100
DictionaryVariables
280
     0
  1
1
  0
DICTIONARYVAR
  5
A6F
102
{ACAD_REACTORS
330
A6B
102
}
330
A6B
100
DictionaryVariables
280
     0
  1
1:1
  0
DICTIONARYVAR
  5
A70
102
{ACAD_REACTORS
330
A6B
102
}
330
A6B
100
DictionaryVariables
280
     0
  1
STANDARD
  0
DICTIONARYVAR
  5
A71
102
{ACAD_REACTORS
330
A6B
102
}
330
A6B
100
DictionaryVariables
280
     0
  1
STANDARD
  0
DICTIONARYVAR
  5
A72
102
{ACAD_REACTORS
330
A6B
102
}
330
A6B
100
DictionaryVariables
280
     0
  1
Metric50
  0
DICTIONARYVAR
  5
A73
102
{ACAD_REACTORS
330
A6B
102
}
330
A6B
100
DictionaryVariables
280
     0
  1
Metric50
  0
DICTIONARYVAR
  5
A74
102
{ACAD_REACTORS
330
A6B
102
}
330
A6B
100
DictionaryVariables
280
     0
  1
-1
  0
DICTIONARYVAR
  5
A75
102
{ACAD_REACTORS
330
A6B
102
}
330
A6B
100
DictionaryVariables
280
     0
  1
2
  0
DICTIONARYVAR
  5
A76
102
{ACAD_REACTORS
330
A6B
102
}
330
A6B
100
DictionaryVariables
280
     0
  1
2
  0
DICTIONARYVAR
  5
A78
102
{ACAD_REACTORS
330
A6B
102
}
330
A6B
100
DictionaryVariables
280
     0
  1
1
  0
DICTIONARYVAR
  5
A79
102
{ACAD_REACTORS
330
A6B
102
}
330
A6B
100
DictionaryVariables
280
     0
  1
9
  0
DICTIONARYVAR
  5
A7A
102
{ACAD_REACTORS
330
A6B
102
}
330
A6B
100
DictionaryVariables
280
     0
  1
ByLayer
  0
DICTIONARYVAR
  5
A7B
102
{ACAD_REACTORS
330
A6B
102
}
330
A6B
100
DictionaryVariables
280
     0
  1
0
  0
DICTIONARYVAR
  5
A7C
102
{ACAD_REACTORS
330
A6B
102
}
330
A6B
100
DictionaryVariables
280
     0
  1
0
  0
DICTIONARYVAR
  5
A7D
102
{ACAD_REACTORS
330
A6B
102
}
330
A6B
100
DictionaryVariables
280
     0
  1
0
  0
DICTIONARYVAR
  5
A7E
102
{ACAD_REACTORS
330
A6B
102
}
330
A6B
100
DictionaryVariables
280
     0
  1
2
  0
DICTIONARYVAR
  5
A7F
102
{ACAD_REACTORS
330
A6B
102
}
330
A6B
100
DictionaryVariables
280
     0
  1
1.000000
  0
DICTIONARYVAR
  5
A80
102
{ACAD_REACTORS
330
A6B
102
}
330
A6B
100
DictionaryVariables
280
     0
  1
1
  0
DICTIONARYVAR
  5
A81
102
{ACAD_REACTORS
330
A6B
102
}
330
A6B
100
DictionaryVariables
280
     0
  1
1
  0
DICTIONARYVAR
  5
A82
102
{ACAD_REACTORS
330
A6B
102
}
330
A6B
100
DictionaryVariables
280
     0
  1
0
  0
DICTIONARYVAR
  5
A83
102
{ACAD_REACTORS
330
A6B
102
}
330
A6B
100
DictionaryVariables
280
     0
  1

  0
DICTIONARYVAR
  5
A84
102
{ACAD_REACTORS
330
A6B
102
}
330
A6B
100
DictionaryVariables
280
     0
  1
1
  0
DICTIONARYVAR
  5
A85
102
{ACAD_REACTORS
330
A6B
102
}
330
A6B
100
DictionaryVariables
280
     0
  1
127
  0
DICTIONARYVAR
  5
A86
102
{ACAD_REACTORS
330
A6B
102
}
330
A6B
100
DictionaryVariables
280
     0
  1
0
  0
DICTIONARY
  5
AC4
330
AC3
100
AcDbDictionary
280
     1
281
     1
  0
XRECORD
  5
BA3
102
{ACAD_REACTORS
330
BA2
102
}
330
BA2
100
AcDbXrecord
280
     1
290
     0
292
     0
330
D3
294
     0
  0
XRECORD
  5
BA4
102
{ACAD_REACTORS
330
BA2
102
}
330
BA2
100
AcDbXrecord
280
     1
340
10D
  0
XRECORD
  5
BA7
102
{ACAD_REACTORS
330
BA6
102
}
330
BA6
100
AcDbXrecord
280
     1
330
10D
  0
XRECORD
  5
BAA
102
{ACAD_REACTORS
330
BA9
102
}
330
BA9
100
AcDbXrecord
280
     1
290
     0
292
     0
330
D3
294
     0
  0
XRECORD
  5
BAB
102
{ACAD_REACTORS
330
BA9
102
}
330
BA9
100
AcDbXrecord
280
     1
340
10D
  0
XRECORD
  5
BAE
102
{ACAD_REACTORS
330
BAD
102
}
330
BAD
100
AcDbXrecord
280
     1
330
10D
  0
XRECORD
  5
BB1
102
{ACAD_REACTORS
330
BB0
102
}
330
BB0
100
AcDbXrecord
280
     1
290
     0
292
     0
330
D3
294
     0
  0
XRECORD
  5
BB2
102
{ACAD_REACTORS
330
BB0
102
}
330
BB0
100
AcDbXrecord
280
     1
340
10D
  0
XRECORD
  5
BB5
102
{ACAD_REACTORS
330
BB4
102
}
330
BB4
100
AcDbXrecord
280
     1
330
10D
  0
ENDSEC
  0
SECTION
  2
THUMBNAILIMAGE
 90
     2022
310
1F256D07D43628289D57CA3F9D44102BD20700000201E70100005000000006370200006F070000000000000000000000000000000000000000000000000000000000000000000000000000000000000000000000000000000000000000000000000000000000000000000000000000000000000000000089504E470D0A1A0A
310
0000000D49484452000001000000006F08030000003479EE6F00000300504C5445FFFFFFFFFFFFFFFFFF0000000000000000000000000000000000000000000000000000330000660000990000CC0000FF0033000033330033660033990033CC0033FF0066000066330066660066990066CC0066FF00990000993300996600
310
99990099CC0099FF00CC0000CC3300CC6600CC9900CCCC00CCFF00FF0000FF3300FF6600FF9900FFCC00FFFF3300003300333300663300993300CC3300FF3333003333333333663333993333CC3333FF3366003366333366663366993366CC3366FF3399003399333399663399993399CC3399FF33CC0033CC3333CC6633CC
310
9933CCCC33CCFF33FF0033FF3333FF6633FF9933FFCC33FFFF6600006600336600666600996600CC6600FF6633006633336633666633996633CC6633FF6666006666336666666666996666CC6666FF6699006699336699666699996699CC6699FF66CC0066CC3366CC6666CC9966CCCC66CCFF66FF0066FF3366FF6666FF99
310
66FFCC66FFFF9900009900339900669900999900CC9900FF9933009933339933669933999933CC9933FF9966009966339966669966999966CC9966FF9999009999339999669999999999CC9999FF99CC0099CC3399CC6699CC9999CCCC99CCFF99FF0099FF3399FF6699FF9999FFCC99FFFFCC0000CC0033CC0066CC0099CC
310
00CCCC00FFCC3300CC3333CC3366CC3399CC33CCCC33FFCC6600CC6633CC6666CC6699CC66CCCC66FFCC9900CC9933CC9966CC9999CC99CCCC99FFCCCC00CCCC33CCCC66CCCC99CCCCCCCCCCFFCCFF00CCFF33CCFF66CCFF99CCFFCCCCFFFFFF0000FF0033FF0066FF0099FF00CCFF00FFFF3300FF3333FF3366FF3399FF33
310
CCFF33FFFF6600FF6633FF6666FF6699FF66CCFF66FFFF9900FF9933FF9966FF9999FF99CCFF99FFFFCC00FFCC33FFCC66FFCC99FFCCCCFFCCFFFFFF00FFFF33FFFF66FFFF99FFFFCCFFFFFF0000000D0D0D1A1A1A2828283535354343435050505D5D5D6B6B6B787878868686939393A1A1A1AEAEAEBBBBBBC9C9C9D6D6D6
310
E4E4E4F1F1F1FFFFFF000000000000000000000000000000000000000000000000000000000000AD4AB4E40000042A4944415478DAED9C51B6A3200C40B3836E83FDAF87AF7CCECC22A68A2048B00922A286A7EDAB0131B74908E829FCA3CB1F004000F71A6FEBBB7B9BF7FD12EA86829BF7E8B83F67DE6FD4232DA02541FC
310
975414CA00300180CB460280F81046A4729D5900500E004F05202B7008406539D10278EA2269C452000D4B3300904602860BD403880D3DF8DCC60592A34836C1361610743ABF9C6404EBA98F0138DD029008848D46016CE0020A400128806F30B1B06C6B9E33C7DB79B7738550CF1D89F55AE42C006BEB8D36AE2FA4D42C35
310
814641D05DFFF48FF52C20281EA91B00B82BB5B50096D6F116493201AC1D669266007CE751FAB329363F9468250590277AE589C6AF29C871173016DCE6FF7507E31D423D77044DAC951158806FBD6C4B7FD3059955605701644D20489A05410C76E627459384F896C231A8B480A5F6668BCDA320A09AB40700F1D931DEA37A
310
A162FCC58A004009C08EE05400962AB8D9DD5BF88449DDEF272680D03ADEA6D6E1DCA96092949AB44A85973077B0300114FA8292A02C690700F2196612B540561800A81317053B4D5AB9C09E36DF8AD63604106744B6D06351B09128803E00B0A90B6CCC5AD023BD14D4018024064CA7353EAFB13B0000A1A0E88E602B6916
310
047F6864C9A53DD835D375B6905F723C78D223707148428C479C3E00300580C701B01C48E06C5D6300FEE61546563980A9B5BD14006573987CFC9130F9FA3E779102C08B0100C3232A0705260063C517D313006CA7416200662A7B2E201C73CE0E822400E3D4309703F87CB03B00B4C62F1CF1084800484781CFA7AF0BB82F
310
C87EFFE67CC740BA30F25BA381EE0C8901180F6059D0984D00199932D6C44CDC4F37A0DDCD5164865BA7AD5916C57C0032521760F655BC117C11006F01C64FE8AB470166F50E00EA83A0E8DA6A5D40DCA4E730F87346740B00780C80A01DD698D7C000C497F80000FE7648BAAA79A24D8FE60269E07B0800A800F0280B0800
310
B8939AA5BEB100A787F5AE2EC006B0B985CE36833B00C84BB9B3754112D9A1FD5100605AF572B7E999EB01DF493BDE7B14482DC0041760FACE9800EA53E1D9406A57840604D0F551D9015D002AE6DED053BBE10074FF7ECF065093D6BC18C02046DF30088AE6A9AF07304CD8EBEE022F07806BD20003EA7F32800187BD8B00
310
F44A6C870C824967C3E5427D015C91EC8F9409C2EB6280025000CF04000A405D4001280005A041F0CD001E54EA5C207EDE219FD21C7EFC319D3692F5598F596EAF8FB8DA4300105E0B607F72DB0240832A791D6C3A0ABC18007400C079CA9B0920F9D104E247B68E0D83E44F1E3D1D00DE0BC05931A05E41590CA0D70EC5CF
310
28B6CD0360EF274D860390DF9469E102F702803900681104E905EE61874142A200A0D9233288C301D877525400F718068704A0EB01F898D7AA51E0614501280005A00014800250000A8007E0354501280005A00014800250000A400128809796FF41C940B1796979240000000049454E44AE426082
  0
ENDSEC
  0
EOF
